<?xml version = '1.0' encoding = 'UTF-8'?>
<Diagram class="oracle.dbtools.crest.swingui.relational.DPVRelational" name="Relational_1" id="528CBE8A-DE46-8DD5-AB6F-51ADBF74B6FC">
<createdBy>David</createdBy>
<modifiedBy>David</modifiedBy>
<createdTime>2025-12-11 21:13:34 UTC</createdTime>
<autoRoute>false</autoRoute>
<boxInbox>true</boxInbox>
<showLegend>false</showLegend>
<showLabels>false</showLabels>
<showRelAttributes>false</showRelAttributes>
<gridEnabled>false</gridEnabled>
<showGrid>false</showGrid>
<diagramColor>-1</diagramColor>
<display>false</display>
<notation>1</notation>
<objectViews>
<OView class="oracle.dbtools.crest.swingui.relational.TVTable" oid="08560809-ECD5-8E5D-3D87-B146C90F90E2" otype="Table" vid="7771063F-6AF6-ADC9-CEA6-EEE1D37D1C72">
<hideElementsInCurrentOnly>false</hideElementsInCurrentOnly>
<bounds x="711" y="23" width="253" height="171"/>
</OView>
<OView class="oracle.dbtools.crest.swingui.relational.TVTable" oid="74315BA5-7FF3-8F7D-02A0-E5AF55A009C5" otype="Table" vid="62D32DD1-C04A-D825-2CB3-9209F46371D0">
<hideElementsInCurrentOnly>false</hideElementsInCurrentOnly>
<bounds x="494" y="435" width="292" height="145"/>
</OView>
<OView class="oracle.dbtools.crest.swingui.relational.TVTable" oid="B3472BA1-6EDA-CF38-2E75-A8E0D3FD3193" otype="Table" vid="5C8138BB-71DF-536F-E15E-5C85FB1A92B6">
<hideElementsInCurrentOnly>false</hideElementsInCurrentOnly>
<bounds x="29" y="39" width="206" height="87"/>
</OView>
<OView class="oracle.dbtools.crest.swingui.relational.TVTable" oid="C3635F25-6281-BEA5-585E-3EC446747031" otype="Table" vid="4F00153D-D063-241B-BE57-FD8B3F967D06">
<hideElementsInCurrentOnly>false</hideElementsInCurrentOnly>
<bounds x="315" y="23" width="287" height="137"/>
</OView>
<OView class="oracle.dbtools.crest.swingui.relational.TVTable" oid="D8949F57-C354-B4B8-18E6-58F9922407E8" otype="Table" vid="6066028F-8315-EA46-FB3B-C0C02166529D">
<hideElementsInCurrentOnly>false</hideElementsInCurrentOnly>
<bounds x="1024" y="31" width="245" height="130"/>
</OView>
<OView class="oracle.dbtools.crest.swingui.relational.TVTable" oid="E3BD6607-744D-0653-4DA2-B486575EB6A3" otype="Table" vid="CD8235CF-8B82-155B-8D70-E61093F39FDD">
<hideElementsInCurrentOnly>false</hideElementsInCurrentOnly>
<bounds x="389" y="238" width="267" height="116"/>
</OView>
<OView class="oracle.dbtools.crest.swingui.relational.TVTable" oid="F509FF29-5288-9AF8-7B12-D7F8A1815365" otype="Table" vid="F0B52AEF-9076-CF76-D258-ADFBE4E7444B">
<hideElementsInCurrentOnly>false</hideElementsInCurrentOnly>
<bounds x="887" y="448" width="232" height="136"/>
</OView>
<OView class="oracle.dbtools.crest.swingui.relational.TVTable" oid="F6DD2E75-ECB8-F49A-E58E-97C829384072" otype="Table" vid="02624688-C8F2-1236-564A-E85B5896AD1D">
<hideElementsInCurrentOnly>false</hideElementsInCurrentOnly>
<bounds x="17" y="412" width="308" height="173"/>
</OView>
</objectViews>
<connectors>
<Connector class="oracle.dbtools.crest.swingui.relational.TVFKRelation" oid="0252550C-F342-A37C-E02A-D097947FCAB4" otype="FKIndexAssociation" vid_source="4F00153D-D063-241B-BE57-FD8B3F967D06" vid_target="7771063F-6AF6-ADC9-CEA6-EEE1D37D1C72">
<hideElementsInCurrentOnly>false</hideElementsInCurrentOnly>
<backgroundColor>-16777216</backgroundColor>
<lineWidth>1</lineWidth>
<points>
<point x="602" y="91"/>
<point x="711" y="91"/>
</points>
</Connector>
<Connector class="oracle.dbtools.crest.swingui.relational.TVFKRelation" oid="0EEADCDB-54EE-89ED-E797-92F94E8E3A48" otype="FKIndexAssociation" vid_source="02624688-C8F2-1236-564A-E85B5896AD1D" vid_target="CD8235CF-8B82-155B-8D70-E61093F39FDD">
<hideElementsInCurrentOnly>false</hideElementsInCurrentOnly>
<backgroundColor>-16777216</backgroundColor>
<lineWidth>1</lineWidth>
<points>
<point x="321" y="412"/>
<point x="421" y="354"/>
</points>
</Connector>
<Connector class="oracle.dbtools.crest.swingui.relational.TVFKRelation" oid="3C95B008-7F27-33FC-38DF-26901D0A27E3" otype="FKIndexAssociation" vid_source="7771063F-6AF6-ADC9-CEA6-EEE1D37D1C72" vid_target="F0B52AEF-9076-CF76-D258-ADFBE4E7444B">
<hideElementsInCurrentOnly>false</hideElementsInCurrentOnly>
<backgroundColor>-16777216</backgroundColor>
<lineWidth>1</lineWidth>
<points>
<point x="925" y="194"/>
<point x="925" y="448"/>
</points>
</Connector>
<Connector class="oracle.dbtools.crest.swingui.relational.TVFKRelation" oid="55478B60-05C2-A50C-4B97-1DC1BD346DD0" otype="FKIndexAssociation" vid_source="7771063F-6AF6-ADC9-CEA6-EEE1D37D1C72" vid_target="6066028F-8315-EA46-FB3B-C0C02166529D">
<hideElementsInCurrentOnly>false</hideElementsInCurrentOnly>
<backgroundColor>-16777216</backgroundColor>
<lineWidth>1</lineWidth>
<points>
<point x="964" y="96"/>
<point x="1024" y="96"/>
</points>
</Connector>
<Connector class="oracle.dbtools.crest.swingui.relational.TVFKRelation" oid="8B98C636-C853-DE55-88FF-1B86A886F6A3" otype="FKIndexAssociation" vid_source="02624688-C8F2-1236-564A-E85B5896AD1D" vid_target="62D32DD1-C04A-D825-2CB3-9209F46371D0">
<hideElementsInCurrentOnly>false</hideElementsInCurrentOnly>
<backgroundColor>-16777216</backgroundColor>
<lineWidth>1</lineWidth>
<points>
<point x="325" y="522"/>
<point x="494" y="522"/>
</points>
</Connector>
<Connector class="oracle.dbtools.crest.swingui.relational.TVFKRelation" oid="B81FC9F3-AC87-AC66-F7DD-88D94EAE2C27" otype="FKIndexAssociation" vid_source="62D32DD1-C04A-D825-2CB3-9209F46371D0" vid_target="02624688-C8F2-1236-564A-E85B5896AD1D">
<hideElementsInCurrentOnly>false</hideElementsInCurrentOnly>
<backgroundColor>-16777216</backgroundColor>
<lineWidth>1</lineWidth>
<points>
<point x="494" y="507"/>
<point x="325" y="507"/>
</points>
</Connector>
<Connector class="oracle.dbtools.crest.swingui.relational.TVFKRelation" oid="CE28FE7A-6B39-9ECA-4C66-F3B945F546EE" otype="FKIndexAssociation" vid_source="7771063F-6AF6-ADC9-CEA6-EEE1D37D1C72" vid_target="CD8235CF-8B82-155B-8D70-E61093F39FDD">
<hideElementsInCurrentOnly>false</hideElementsInCurrentOnly>
<backgroundColor>-16777216</backgroundColor>
<lineWidth>1</lineWidth>
<points>
<point x="711" y="183"/>
<point x="619" y="238"/>
</points>
</Connector>
<Connector class="oracle.dbtools.crest.swingui.relational.TVFKRelation" oid="EB7A623D-23E1-552B-09AB-BB344AA02ADF" otype="FKIndexAssociation" vid_source="5C8138BB-71DF-536F-E15E-5C85FB1A92B6" vid_target="4F00153D-D063-241B-BE57-FD8B3F967D06">
<hideElementsInCurrentOnly>false</hideElementsInCurrentOnly>
<backgroundColor>-16777216</backgroundColor>
<lineWidth>1</lineWidth>
<points>
<point x="235" y="97"/>
<point x="315" y="97"/>
</points>
</Connector>
<Connector class="oracle.dbtools.crest.swingui.relational.TVFKRelation" oid="F634D95A-787F-69C2-543A-A61DAF6FE300" otype="FKIndexAssociation" vid_source="6066028F-8315-EA46-FB3B-C0C02166529D" vid_target="7771063F-6AF6-ADC9-CEA6-EEE1D37D1C72">
<hideElementsInCurrentOnly>false</hideElementsInCurrentOnly>
<backgroundColor>-16777216</backgroundColor>
<lineWidth>1</lineWidth>
<points>
<point x="1024" y="111"/>
<point x="964" y="111"/>
</points>
</Connector>
</connectors>
</Diagram>