<?xml version = '1.0' encoding = 'UTF-8'?>
<Entity class="oracle.dbtools.crest.model.design.logical.Entity" directorySegmentName="seg_0" id="4357DF4F-7B8E-F2A9-C0D7-D165DFCA16F3" name="PROFESOR">
<createdBy>David</createdBy>
<createdTime>2025-12-11 01:07:01 UTC</createdTime>
<ownerDesignName>ET_MER</ownerDesignName>
<engineerTo>
<item key="C159C734-B880-564E-0DDB-BF299325B966" value="true"/>
</engineerTo>
<adequatelyNormalized>NO</adequatelyNormalized>
<expectedVolumes>0</expectedVolumes>
<fwdEngineeringStrategyName>Single Table</fwdEngineeringStrategyName>
<growthPercent>0</growthPercent>
<growthType>Year</growthType>
<maxVolumes>9999999</maxVolumes>
<minVolumes>0</minVolumes>
<normalForm>Third</normalForm>
<attributes itemClass="oracle.dbtools.crest.model.design.logical.Attribute">
<Attribute name="RUT" id="204F418B-F46A-FF64-CBEB-A272B7A51BA7">
<createdBy>David</createdBy>
<createdTime>2025-12-11 01:07:09 UTC</createdTime>
<ownerDesignName>ET_MER</ownerDesignName>
<engineerTo>
<item key="C159C734-B880-564E-0DDB-BF299325B966" value="true"/>
</engineerTo>
<useDomainConstraints>false</useDomainConstraints>
<use>1</use>
<logicalDatatype>LOGDT024</logicalDatatype>
<dataTypeSize>15 BYTE</dataTypeSize>
<ownDataTypeParameters>15 BYTE,,</ownDataTypeParameters>
</Attribute>
<Attribute name="Nombre" id="725A66F4-E521-BF1D-24CF-A0B7AEE2F5B7">
<createdBy>David</createdBy>
<createdTime>2025-12-11 01:07:22 UTC</createdTime>
<ownerDesignName>ET_MER</ownerDesignName>
<engineerTo>
<item key="C159C734-B880-564E-0DDB-BF299325B966" value="true"/>
</engineerTo>
<useDomainConstraints>false</useDomainConstraints>
<use>1</use>
<logicalDatatype>LOGDT024</logicalDatatype>
<dataTypeSize>15 BYTE</dataTypeSize>
<ownDataTypeParameters>15 BYTE,,</ownDataTypeParameters>
</Attribute>
<Attribute name="Apellido" id="DD3093DF-ED5E-E445-E78C-AFB27070DE62">
<createdBy>David</createdBy>
<createdTime>2025-12-11 01:08:10 UTC</createdTime>
<ownerDesignName>ET_MER</ownerDesignName>
<engineerTo>
<item key="C159C734-B880-564E-0DDB-BF299325B966" value="true"/>
</engineerTo>
<useDomainConstraints>false</useDomainConstraints>
<use>1</use>
<logicalDatatype>LOGDT024</logicalDatatype>
<dataTypeSize>15 BYTE</dataTypeSize>
<ownDataTypeParameters>15 BYTE,,</ownDataTypeParameters>
</Attribute>
<Attribute name="Correo" id="1F12F0C9-89FA-B5C0-04E4-E9FAEF7D2E68">
<createdBy>David</createdBy>
<createdTime>2025-12-11 01:08:48 UTC</createdTime>
<ownerDesignName>ET_MER</ownerDesignName>
<engineerTo>
<item key="C159C734-B880-564E-0DDB-BF299325B966" value="true"/>
</engineerTo>
<useDomainConstraints>false</useDomainConstraints>
<use>1</use>
<logicalDatatype>LOGDT024</logicalDatatype>
<dataTypeSize>30 BYTE</dataTypeSize>
<ownDataTypeParameters>30 BYTE,,</ownDataTypeParameters>
</Attribute>
<Attribute name="Telefono" id="E537CA51-5936-68A4-4EA8-0AE53BD29E16">
<createdBy>David</createdBy>
<createdTime>2025-12-11 01:08:23 UTC</createdTime>
<ownerDesignName>ET_MER</ownerDesignName>
<engineerTo>
<item key="C159C734-B880-564E-0DDB-BF299325B966" value="true"/>
</engineerTo>
<nullsAllowed>true</nullsAllowed>
<useDomainConstraints>false</useDomainConstraints>
<use>1</use>
<logicalDatatype>LOGDT024</logicalDatatype>
<dataTypeSize>15 BYTE</dataTypeSize>
<ownDataTypeParameters>15 BYTE,,</ownDataTypeParameters>
</Attribute>
<Attribute name="ID" id="0667F5EC-41F0-F354-E349-4779433B6145">
<createdBy>David</createdBy>
<createdTime>2025-12-11 01:29:31 UTC</createdTime>
<generatorID>10217B36-1180-9C22-7059-0627485033BC</generatorID>
<ownerDesignName>ET_MER</ownerDesignName>
<engineerTo>
<item key="C159C734-B880-564E-0DDB-BF299325B966" value="true"/>
</engineerTo>
<referedAttribute>BA0CC484-7B9F-7114-0F81-AEE0D9C76860</referedAttribute>
<useDomainConstraints>false</useDomainConstraints>
<use>1</use>
<logicalDatatype>LOGDT024</logicalDatatype>
<dataTypeSize>10 BYTE</dataTypeSize>
<ownDataTypeParameters>10 BYTE,,</ownDataTypeParameters>
</Attribute>
</attributes>
<identifiers itemClass="oracle.dbtools.crest.model.design.logical.CandidateKey">
<identifier id="BE5DC920-503B-7D7E-BDDB-84A2ACA90A39" name="PROFESOR PK">
<createdBy>David</createdBy>
<createdTime>2025-12-11 01:07:21 UTC</createdTime>
<ownerDesignName>ET_MER</ownerDesignName>
<engineerTo>
<item key="C159C734-B880-564E-0DDB-BF299325B966" value="true"/>
</engineerTo>
<pk>true</pk>
<usedAttributes>
<attributeRef>204F418B-F46A-FF64-CBEB-A272B7A51BA7</attributeRef>
</usedAttributes>
</identifier>
</identifiers>
</Entity>