<?xml version = '1.0' encoding = 'UTF-8'?>
<Entity class="oracle.dbtools.crest.model.design.logical.Entity" directorySegmentName="seg_0" id="BAEDF4CA-4AEA-C44C-CFBD-A34E292AA04D" name="RECINTO">
<createdBy>David</createdBy>
<createdTime>2025-12-10 22:44:30 UTC</createdTime>
<ownerDesignName>ET_MER</ownerDesignName>
<engineerTo>
<item key="C159C734-B880-564E-0DDB-BF299325B966" value="true"/>
</engineerTo>
<adequatelyNormalized>NO</adequatelyNormalized>
<expectedVolumes>0</expectedVolumes>
<fwdEngineeringStrategyName>Single Table</fwdEngineeringStrategyName>
<growthPercent>0</growthPercent>
<growthType>Year</growthType>
<maxVolumes>9999999</maxVolumes>
<minVolumes>0</minVolumes>
<normalForm>Third</normalForm>
<attributes itemClass="oracle.dbtools.crest.model.design.logical.Attribute">
<Attribute name="ID" id="018ACD05-825E-8B92-650D-B6C3060F5658">
<createdBy>David</createdBy>
<createdTime>2025-12-10 22:45:03 UTC</createdTime>
<ownerDesignName>ET_MER</ownerDesignName>
<engineerTo>
<item key="C159C734-B880-564E-0DDB-BF299325B966" value="true"/>
</engineerTo>
<useDomainConstraints>false</useDomainConstraints>
<use>1</use>
<logicalDatatype>LOGDT024</logicalDatatype>
<dataTypeSize>10 BYTE</dataTypeSize>
<ownDataTypeParameters>10 BYTE,,</ownDataTypeParameters>
</Attribute>
<Attribute name="NomRecinto" id="EB13AADD-84BF-0BDB-1084-6989AF190325">
<createdBy>David</createdBy>
<createdTime>2025-12-10 22:45:16 UTC</createdTime>
<ownerDesignName>ET_MER</ownerDesignName>
<engineerTo>
<item key="C159C734-B880-564E-0DDB-BF299325B966" value="true"/>
</engineerTo>
<useDomainConstraints>false</useDomainConstraints>
<use>1</use>
<logicalDatatype>LOGDT024</logicalDatatype>
<dataTypeSize>50 BYTE</dataTypeSize>
<ownDataTypeParameters>50 BYTE,,</ownDataTypeParameters>
</Attribute>
<Attribute name="Direccion" id="AD32EC39-69F8-D343-9730-D23D6526E176">
<createdBy>David</createdBy>
<createdTime>2025-12-10 22:45:39 UTC</createdTime>
<ownerDesignName>ET_MER</ownerDesignName>
<engineerTo>
<item key="C159C734-B880-564E-0DDB-BF299325B966" value="true"/>
</engineerTo>
<useDomainConstraints>false</useDomainConstraints>
<use>1</use>
<logicalDatatype>LOGDT024</logicalDatatype>
<dataTypeSize>50 BYTE</dataTypeSize>
<ownDataTypeParameters>50 BYTE,,</ownDataTypeParameters>
</Attribute>
<Attribute name="Capacidad" id="01DC1395-F6DA-294C-E495-59326D71E378">
<createdBy>David</createdBy>
<createdTime>2025-12-10 22:46:47 UTC</createdTime>
<ownerDesignName>ET_MER</ownerDesignName>
<engineerTo>
<item key="C159C734-B880-564E-0DDB-BF299325B966" value="true"/>
</engineerTo>
<useDomainConstraints>false</useDomainConstraints>
<use>1</use>
<logicalDatatype>LOGDT024</logicalDatatype>
<dataTypeSize>15 BYTE</dataTypeSize>
<ownDataTypeParameters>15 BYTE,,</ownDataTypeParameters>
</Attribute>
<Attribute name="ID1" id="54EAF975-0944-9924-CB4A-775DC46D2005">
<createdBy>David</createdBy>
<createdTime>2025-12-11 01:24:16 UTC</createdTime>
<generatorID>487C525B-9121-39C1-B411-E527C9136CE5</generatorID>
<ownerDesignName>ET_MER</ownerDesignName>
<engineerTo>
<item key="C159C734-B880-564E-0DDB-BF299325B966" value="true"/>
</engineerTo>
<referedAttribute>8D6F07A7-42B6-BCA8-BBA1-3BC8D08D8610</referedAttribute>
<useDomainConstraints>false</useDomainConstraints>
<use>1</use>
<logicalDatatype>LOGDT024</logicalDatatype>
<dataTypeSize>10 BYTE</dataTypeSize>
<ownDataTypeParameters>10 BYTE,,</ownDataTypeParameters>
</Attribute>
</attributes>
<identifiers itemClass="oracle.dbtools.crest.model.design.logical.CandidateKey">
<identifier id="87A3DB86-0DC9-EC75-5834-9FDD10F335E7" name="RECINTO PK">
<createdBy>David</createdBy>
<createdTime>2025-12-10 22:45:15 UTC</createdTime>
<ownerDesignName>ET_MER</ownerDesignName>
<engineerTo>
<item key="C159C734-B880-564E-0DDB-BF299325B966" value="true"/>
</engineerTo>
<pk>true</pk>
<usedAttributes>
<attributeRef>018ACD05-825E-8B92-650D-B6C3060F5658</attributeRef>
</usedAttributes>
</identifier>
</identifiers>
</Entity>