<?xml version = '1.0' encoding = 'UTF-8'?>
<Table class="oracle.dbtools.crest.model.design.relational.Table" directorySegmentName="seg_0" id="08560809-ECD5-8E5D-3D87-B146C90F90E2" name="ESCUELA">
<createdBy>David</createdBy>
<createdTime>2025-12-11 21:13:47 UTC</createdTime>
<generatorID>FCF4C19E-B965-6324-886C-9411A1A2C45B</generatorID>
<ownerDesignName>ET_MER</ownerDesignName>
<allowColumnReorder>false</allowColumnReorder>
<existDependencyGenerateInDDl>true</existDependencyGenerateInDDl>
<parsed>true</parsed>
<columns itemClass="oracle.dbtools.crest.model.design.relational.Column">
<Column name="ID" id="6AAC7294-6522-09FB-C191-8F8BCE1F8F2D">
<createdBy>David</createdBy>
<createdTime>2025-12-11 21:13:47 UTC</createdTime>
<generatorID>F0AA7DA3-BADF-DB70-DC65-9143023BB4A2</generatorID>
<ownerDesignName>ET_MER</ownerDesignName>
<useDomainConstraints>false</useDomainConstraints>
<use>1</use>
<logicalDatatype>LOGDT024</logicalDatatype>
<dataTypeSize>10 BYTE</dataTypeSize>
<ownDataTypeParameters>10 BYTE,,</ownDataTypeParameters>
<autoIncrementCycle>false</autoIncrementCycle>
</Column>
<Column name="NomEscuela" id="963F0C51-B606-0442-51DF-1E8774AF2466">
<createdBy>David</createdBy>
<createdTime>2025-12-11 21:13:47 UTC</createdTime>
<generatorID>00737815-84F0-7BE4-EF34-42FC52FA4DEA</generatorID>
<ownerDesignName>ET_MER</ownerDesignName>
<useDomainConstraints>false</useDomainConstraints>
<use>1</use>
<logicalDatatype>LOGDT024</logicalDatatype>
<dataTypeSize>50 BYTE</dataTypeSize>
<ownDataTypeParameters>50 BYTE,,</ownDataTypeParameters>
<autoIncrementCycle>false</autoIncrementCycle>
</Column>
<Column name="PresupuestoAnual" id="560E4B6D-A560-D45A-A251-C19FB04BDEAA">
<createdBy>David</createdBy>
<createdTime>2025-12-11 21:13:47 UTC</createdTime>
<generatorID>0CAEDF24-289E-3DB7-1C3A-0D3BF8F5B8B9</generatorID>
<ownerDesignName>ET_MER</ownerDesignName>
<useDomainConstraints>false</useDomainConstraints>
<use>1</use>
<logicalDatatype>LOGDT024</logicalDatatype>
<dataTypeSize>15 BYTE</dataTypeSize>
<ownDataTypeParameters>15 BYTE,,</ownDataTypeParameters>
<autoIncrementCycle>false</autoIncrementCycle>
</Column>
<Column name="RECINTO_ID" id="58965AF4-4C50-8A8C-8630-46BCE03A7F5D">
<createdBy>David</createdBy>
<createdTime>2025-12-11 21:13:47 UTC</createdTime>
<generatorID>72E88845-0CD1-13F9-FB51-9D08956F678A</generatorID>
<ownerDesignName>ET_MER</ownerDesignName>
<useDomainConstraints>false</useDomainConstraints>
<use>1</use>
<logicalDatatype>LOGDT024</logicalDatatype>
<dataTypeSize>10 BYTE</dataTypeSize>
<ownDataTypeParameters>10 BYTE,,</ownDataTypeParameters>
<previousColumn>false</previousColumn>
<autoIncrementCycle>false</autoIncrementCycle>
<associations>
<colAssociation fkAssociation="0252550C-F342-A37C-E02A-D097947FCAB4" referredColumn="EA92DE6B-8469-F1FB-BADF-AEC7A6FC0BD0"/>
</associations>
</Column>
<Column name="DEPORTE_ID" id="0B9D7905-F1FE-ACC2-D767-03AD2D6EAB24">
<createdBy>David</createdBy>
<createdTime>2025-12-11 21:13:47 UTC</createdTime>
<generatorID>F79AC511-58C7-E2DD-11A9-F413E5FCE653</generatorID>
<ownerDesignName>ET_MER</ownerDesignName>
<useDomainConstraints>false</useDomainConstraints>
<use>1</use>
<logicalDatatype>LOGDT024</logicalDatatype>
<dataTypeSize>10 BYTE</dataTypeSize>
<ownDataTypeParameters>10 BYTE,,</ownDataTypeParameters>
<previousColumn>false</previousColumn>
<autoIncrementCycle>false</autoIncrementCycle>
<associations>
<colAssociation fkAssociation="1BCB7F76-D8F1-75A8-E403-580660600DB1" referredColumn="20397B45-D65E-1E33-0666-7134CF45BD9F"/>
</associations>
</Column>
<Column name="Comuna" id="341E084A-D63D-312A-2295-A777EF83BC3E">
<createdBy>SSDD</createdBy>
<createdTime>2025-12-12 18:51:56 UTC</createdTime>
<generatorID>24B15ECA-BFBF-332D-9DD8-4C89BF6CC5D9</generatorID>
<ownerDesignName>ET_MER</ownerDesignName>
<useDomainConstraints>false</useDomainConstraints>
<use>1</use>
<logicalDatatype>LOGDT024</logicalDatatype>
<dataTypeSize>20 BYTE</dataTypeSize>
<ownDataTypeParameters>20 BYTE,,</ownDataTypeParameters>
<autoIncrementCycle>false</autoIncrementCycle>
</Column>
<Column name="Region" id="96A6FDE4-98A9-D1AE-CA22-239E6CA67683">
<createdBy>SSDD</createdBy>
<createdTime>2025-12-12 18:51:56 UTC</createdTime>
<generatorID>89E3D4FE-066C-CBAE-4A27-102029F67B5F</generatorID>
<ownerDesignName>ET_MER</ownerDesignName>
<useDomainConstraints>false</useDomainConstraints>
<use>1</use>
<logicalDatatype>LOGDT024</logicalDatatype>
<dataTypeSize>20 BYTE</dataTypeSize>
<ownDataTypeParameters>20 BYTE,,</ownDataTypeParameters>
<autoIncrementCycle>false</autoIncrementCycle>
</Column>
<Column name="NomCD" id="300209A0-ACD9-1643-E102-72D1E3907E84">
<createdBy>SSDD</createdBy>
<createdTime>2025-12-12 18:51:56 UTC</createdTime>
<generatorID>BD2003E7-7BEC-3D62-2106-267280E8E90F</generatorID>
<ownerDesignName>ET_MER</ownerDesignName>
<nullsAllowed>true</nullsAllowed>
<useDomainConstraints>false</useDomainConstraints>
<use>1</use>
<logicalDatatype>LOGDT024</logicalDatatype>
<dataTypeSize>30 BYTE</dataTypeSize>
<ownDataTypeParameters>30 BYTE,,</ownDataTypeParameters>
<autoIncrementCycle>false</autoIncrementCycle>
</Column>
<Column name="SitioWeb" id="24614E0B-9CAE-439C-A6E0-6E1BDB1CFDE6">
<createdBy>SSDD</createdBy>
<createdTime>2025-12-12 18:51:56 UTC</createdTime>
<generatorID>61ECB410-9E2F-F6BB-43AB-CD04CB4D7FA7</generatorID>
<ownerDesignName>ET_MER</ownerDesignName>
<nullsAllowed>true</nullsAllowed>
<useDomainConstraints>false</useDomainConstraints>
<use>1</use>
<logicalDatatype>LOGDT024</logicalDatatype>
<dataTypeSize>50</dataTypeSize>
<ownDataTypeParameters>50,,</ownDataTypeParameters>
<autoIncrementCycle>false</autoIncrementCycle>
</Column>
<Column name="FechaResolucion" id="0C31EFA9-7C1C-DF6A-B981-8278F6A67DAF">
<createdBy>SSDD</createdBy>
<createdTime>2025-12-12 18:51:56 UTC</createdTime>
<generatorID>F1D2DA8E-1112-96CE-A321-DFB57ED5F4D8</generatorID>
<ownerDesignName>ET_MER</ownerDesignName>
<useDomainConstraints>false</useDomainConstraints>
<use>1</use>
<logicalDatatype>LOGDT007</logicalDatatype>
<ownDataTypeParameters>,,</ownDataTypeParameters>
<autoIncrementCycle>false</autoIncrementCycle>
</Column>
</columns>
<indexes itemClass="oracle.dbtools.crest.model.design.relational.Index">
<ind_PK_UK id="CC40689F-9432-D7D2-A91F-59397C4D53C7" name="ESCUELA_PK">
<createdBy>David</createdBy>
<createdTime>2025-12-11 21:13:47 UTC</createdTime>
<generatorID>96412819-515F-F336-15ED-37F5489F938E</generatorID>
<ownerDesignName>ET_MER</ownerDesignName>
<pk>true</pk>
<indexState>Primary Constraint</indexState>
<isSurrogateKey>false</isSurrogateKey>
<indexColumnUsage>
<colUsage columnID="6AAC7294-6522-09FB-C191-8F8BCE1F8F2D"/>
</indexColumnUsage>
</ind_PK_UK>
<ind_PK_UK id="C93E632E-21F5-D0D7-E392-983F49BDC3F1" name="ESCUELA__IDX">
<createdBy>David</createdBy>
<createdTime>2025-12-11 21:13:47 UTC</createdTime>
<ownerDesignName>ET_MER</ownerDesignName>
<indexState>Unique Plain Index</indexState>
<isSurrogateKey>false</isSurrogateKey>
<relationGeneratorID>F4E11F65-DE85-5AD0-ABCB-9A33ABF7013E</relationGeneratorID>
<indexColumnUsage>
<colUsage columnID="0B9D7905-F1FE-ACC2-D767-03AD2D6EAB24"/>
</indexColumnUsage>
</ind_PK_UK>
<ind_PK_UK id="1CE8A40D-3445-FDFB-EF0F-E7DC9BA05909" name="ESCUELA_RECINTO_FK">
<createdBy>David</createdBy>
<createdTime>2025-12-11 21:13:47 UTC</createdTime>
<generatorID>EA13FBE2-2901-187C-D71E-4325C628FFCE</generatorID>
<ownerDesignName>ET_MER</ownerDesignName>
<indexState>Foreign Key</indexState>
<isSurrogateKey>false</isSurrogateKey>
<indexColumnUsage>
<colUsage columnID="58965AF4-4C50-8A8C-8630-46BCE03A7F5D"/>
</indexColumnUsage>
</ind_PK_UK>
<ind_PK_UK id="CA75DA86-8035-C2E9-B966-3B1C160A6B48" name="ESCUELA_DEPORTE_FK">
<createdBy>SSDD</createdBy>
<createdTime>2025-12-12 18:53:39 UTC</createdTime>
<generatorID>F4E11F65-DE85-5AD0-ABCB-9A33ABF7013E</generatorID>
<ownerDesignName>ET_MER</ownerDesignName>
<indexState>Foreign Key</indexState>
<isSurrogateKey>false</isSurrogateKey>
<indexColumnUsage>
<colUsage columnID="0B9D7905-F1FE-ACC2-D767-03AD2D6EAB24"/>
</indexColumnUsage>
</ind_PK_UK>
</indexes>
</Table>