<?xml version = '1.0' encoding = 'UTF-8'?>
<Table class="oracle.dbtools.crest.model.design.relational.Table" directorySegmentName="seg_0" id="74315BA5-7FF3-8F7D-02A0-E5AF55A009C5" name="TIPO_CONTRATO">
<createdBy>David</createdBy>
<createdTime>2025-12-11 21:13:47 UTC</createdTime>
<generatorID>7E37BAF7-A5B4-C90B-522B-E7F7FC67A53D</generatorID>
<ownerDesignName>ET_MER</ownerDesignName>
<allowColumnReorder>false</allowColumnReorder>
<existDependencyGenerateInDDl>true</existDependencyGenerateInDDl>
<parsed>true</parsed>
<columns itemClass="oracle.dbtools.crest.model.design.relational.Column">
<Column name="ID" id="1B6C3FD1-F904-3379-93BE-E8B90BDF012D">
<createdBy>David</createdBy>
<createdTime>2025-12-11 21:13:47 UTC</createdTime>
<generatorID>BA0CC484-7B9F-7114-0F81-AEE0D9C76860</generatorID>
<ownerDesignName>ET_MER</ownerDesignName>
<useDomainConstraints>false</useDomainConstraints>
<use>1</use>
<logicalDatatype>LOGDT024</logicalDatatype>
<dataTypeSize>10 BYTE</dataTypeSize>
<ownDataTypeParameters>10 BYTE,,</ownDataTypeParameters>
<autoIncrementCycle>false</autoIncrementCycle>
</Column>
<Column name="TipoContrato" id="758FCA1C-7D71-3B7B-5AE8-D38B74E1E1D6">
<createdBy>David</createdBy>
<createdTime>2025-12-11 21:13:47 UTC</createdTime>
<generatorID>FF9D7745-040A-3E49-E79E-E9BC7BE2755C</generatorID>
<ownerDesignName>ET_MER</ownerDesignName>
<useDomainConstraints>false</useDomainConstraints>
<use>1</use>
<logicalDatatype>LOGDT024</logicalDatatype>
<dataTypeSize>10 BYTE</dataTypeSize>
<ownDataTypeParameters>10 BYTE,,</ownDataTypeParameters>
<autoIncrementCycle>false</autoIncrementCycle>
</Column>
<Column name="RUT" id="ACFA227F-4B7E-E865-82A8-AABC8EF77D37">
<createdBy>David</createdBy>
<createdTime>2025-12-11 21:13:47 UTC</createdTime>
<generatorID>E53C42B1-F280-0906-8E7B-5591315E53C0</generatorID>
<ownerDesignName>ET_MER</ownerDesignName>
<useDomainConstraints>false</useDomainConstraints>
<use>1</use>
<logicalDatatype>LOGDT024</logicalDatatype>
<dataTypeSize>10 BYTE</dataTypeSize>
<ownDataTypeParameters>10 BYTE,,</ownDataTypeParameters>
<previousColumn>false</previousColumn>
<autoIncrementCycle>false</autoIncrementCycle>
<associations>
<colAssociation fkAssociation="ADE1E1E7-C186-F576-9E01-0B2CD4DA8EB3" referredColumn="9960FC2F-0043-9388-5C5B-2F1AABD49324"/>
<colAssociation fkAssociation="350EEB49-5C56-7894-069F-7ADEB68D0707" referredColumn="9960FC2F-0043-9388-5C5B-2F1AABD49324"/>
</associations>
</Column>
</columns>
<indexes itemClass="oracle.dbtools.crest.model.design.relational.Index">
<ind_PK_UK id="9707B315-6C38-3535-3011-82C4AB28CFD0" name="TIPO_CONTRATO_PK">
<createdBy>David</createdBy>
<createdTime>2025-12-11 21:13:47 UTC</createdTime>
<generatorID>C2A1B385-F43D-AE0D-97C3-319294204980</generatorID>
<ownerDesignName>ET_MER</ownerDesignName>
<pk>true</pk>
<indexState>Primary Constraint</indexState>
<isSurrogateKey>false</isSurrogateKey>
<indexColumnUsage>
<colUsage columnID="1B6C3FD1-F904-3379-93BE-E8B90BDF012D"/>
</indexColumnUsage>
</ind_PK_UK>
<ind_PK_UK id="B7AA0181-036B-892A-504E-17A0CCAC6A70" name="TIPO_CONTRATO__IDX">
<createdBy>David</createdBy>
<createdTime>2025-12-11 21:13:47 UTC</createdTime>
<ownerDesignName>ET_MER</ownerDesignName>
<indexState>Unique Plain Index</indexState>
<isSurrogateKey>false</isSurrogateKey>
<relationGeneratorID>10217B36-1180-9C22-7059-0627485033BC</relationGeneratorID>
<indexColumnUsage>
<colUsage columnID="ACFA227F-4B7E-E865-82A8-AABC8EF77D37"/>
</indexColumnUsage>
</ind_PK_UK>
<ind_PK_UK id="E7D79BE6-D32B-089E-BA3A-93AB06CADFF2" name="TIPO_CONTRATO_PROFESOR_FK">
<createdBy>SSDD</createdBy>
<createdTime>2025-12-12 18:53:11 UTC</createdTime>
<generatorID>BE5DC920-503B-7D7E-BDDB-84A2ACA90A39</generatorID>
<ownerDesignName>ET_MER</ownerDesignName>
<indexState>Foreign Key</indexState>
<isSurrogateKey>false</isSurrogateKey>
<indexColumnUsage>
<colUsage columnID="ACFA227F-4B7E-E865-82A8-AABC8EF77D37"/>
</indexColumnUsage>
</ind_PK_UK>
<ind_PK_UK id="4FF7C65A-EBCC-DBEA-093A-A89BC050C9F5" name="TIPO_CONTRATO_PROFESOR_FKv2">
<createdBy>SSDD</createdBy>
<createdTime>2025-12-12 18:53:39 UTC</createdTime>
<generatorID>10217B36-1180-9C22-7059-0627485033BC</generatorID>
<ownerDesignName>ET_MER</ownerDesignName>
<indexState>Foreign Key</indexState>
<isSurrogateKey>false</isSurrogateKey>
<indexColumnUsage>
<colUsage columnID="ACFA227F-4B7E-E865-82A8-AABC8EF77D37"/>
</indexColumnUsage>
</ind_PK_UK>
</indexes>
</Table>