<?xml version = '1.0' encoding = 'UTF-8'?>
<Table class="oracle.dbtools.crest.model.design.relational.Table" directorySegmentName="seg_0" id="C3635F25-6281-BEA5-585E-3EC446747031" name="RECINTO">
<createdBy>David</createdBy>
<createdTime>2025-12-11 21:13:47 UTC</createdTime>
<generatorID>BAEDF4CA-4AEA-C44C-CFBD-A34E292AA04D</generatorID>
<ownerDesignName>ET_MER</ownerDesignName>
<allowColumnReorder>false</allowColumnReorder>
<existDependencyGenerateInDDl>true</existDependencyGenerateInDDl>
<parsed>true</parsed>
<columns itemClass="oracle.dbtools.crest.model.design.relational.Column">
<Column name="ID" id="EA92DE6B-8469-F1FB-BADF-AEC7A6FC0BD0">
<createdBy>David</createdBy>
<createdTime>2025-12-11 21:13:47 UTC</createdTime>
<generatorID>018ACD05-825E-8B92-650D-B6C3060F5658</generatorID>
<ownerDesignName>ET_MER</ownerDesignName>
<useDomainConstraints>false</useDomainConstraints>
<use>1</use>
<logicalDatatype>LOGDT024</logicalDatatype>
<dataTypeSize>10 BYTE</dataTypeSize>
<ownDataTypeParameters>10 BYTE,,</ownDataTypeParameters>
<autoIncrementCycle>false</autoIncrementCycle>
</Column>
<Column name="NomRecinto" id="0A0839E0-DF90-9E8F-8A20-B1E7CFD88499">
<createdBy>David</createdBy>
<createdTime>2025-12-11 21:13:47 UTC</createdTime>
<generatorID>EB13AADD-84BF-0BDB-1084-6989AF190325</generatorID>
<ownerDesignName>ET_MER</ownerDesignName>
<useDomainConstraints>false</useDomainConstraints>
<use>1</use>
<logicalDatatype>LOGDT024</logicalDatatype>
<dataTypeSize>50 BYTE</dataTypeSize>
<ownDataTypeParameters>50 BYTE,,</ownDataTypeParameters>
<autoIncrementCycle>false</autoIncrementCycle>
</Column>
<Column name="Direccion" id="828CE011-EC2D-DAAE-FE02-42FB91209E92">
<createdBy>David</createdBy>
<createdTime>2025-12-11 21:13:47 UTC</createdTime>
<generatorID>AD32EC39-69F8-D343-9730-D23D6526E176</generatorID>
<ownerDesignName>ET_MER</ownerDesignName>
<useDomainConstraints>false</useDomainConstraints>
<use>1</use>
<logicalDatatype>LOGDT024</logicalDatatype>
<dataTypeSize>50 BYTE</dataTypeSize>
<ownDataTypeParameters>50 BYTE,,</ownDataTypeParameters>
<autoIncrementCycle>false</autoIncrementCycle>
</Column>
<Column name="Capacidad" id="CBBA4EBE-E2F4-9E12-C0DF-B2708BA0F297">
<createdBy>David</createdBy>
<createdTime>2025-12-11 21:13:47 UTC</createdTime>
<generatorID>01DC1395-F6DA-294C-E495-59326D71E378</generatorID>
<ownerDesignName>ET_MER</ownerDesignName>
<useDomainConstraints>false</useDomainConstraints>
<use>1</use>
<logicalDatatype>LOGDT024</logicalDatatype>
<dataTypeSize>15 BYTE</dataTypeSize>
<ownDataTypeParameters>15 BYTE,,</ownDataTypeParameters>
<autoIncrementCycle>false</autoIncrementCycle>
</Column>
<Column name="MUNICIPALIDAD_ID" id="DCD091CB-D000-2BCE-11D9-7085E1D41D1B">
<createdBy>David</createdBy>
<createdTime>2025-12-11 21:13:47 UTC</createdTime>
<generatorID>54EAF975-0944-9924-CB4A-775DC46D2005</generatorID>
<ownerDesignName>ET_MER</ownerDesignName>
<useDomainConstraints>false</useDomainConstraints>
<use>1</use>
<logicalDatatype>LOGDT024</logicalDatatype>
<dataTypeSize>10 BYTE</dataTypeSize>
<ownDataTypeParameters>,,</ownDataTypeParameters>
<previousColumn>false</previousColumn>
<autoIncrementCycle>false</autoIncrementCycle>
<associations>
<colAssociation fkAssociation="EB7A623D-23E1-552B-09AB-BB344AA02ADF" referredColumn="B38F344E-2D11-86D3-EA7B-3251C1DBE6C8"/>
</associations>
</Column>
</columns>
<indexes itemClass="oracle.dbtools.crest.model.design.relational.Index">
<ind_PK_UK id="45F2A5D8-2862-55F5-EAD7-035A5E174FEC" name="RECINTO_PK">
<createdBy>David</createdBy>
<createdTime>2025-12-11 21:13:47 UTC</createdTime>
<generatorID>87A3DB86-0DC9-EC75-5834-9FDD10F335E7</generatorID>
<ownerDesignName>ET_MER</ownerDesignName>
<pk>true</pk>
<indexState>Primary Constraint</indexState>
<isSurrogateKey>false</isSurrogateKey>
<indexColumnUsage>
<colUsage columnID="EA92DE6B-8469-F1FB-BADF-AEC7A6FC0BD0"/>
</indexColumnUsage>
</ind_PK_UK>
<ind_PK_UK id="5793B946-23D9-DDEE-A7CD-C0489F9EC866" name="RECINTO_MUNICIPALIDAD_FK">
<createdBy>David</createdBy>
<createdTime>2025-12-11 21:13:47 UTC</createdTime>
<generatorID>487C525B-9121-39C1-B411-E527C9136CE5</generatorID>
<ownerDesignName>ET_MER</ownerDesignName>
<indexState>Foreign Key</indexState>
<isSurrogateKey>false</isSurrogateKey>
<indexColumnUsage>
<colUsage columnID="DCD091CB-D000-2BCE-11D9-7085E1D41D1B"/>
</indexColumnUsage>
</ind_PK_UK>
</indexes>
</Table>