<?xml version = '1.0' encoding = 'UTF-8'?>
<Table class="oracle.dbtools.crest.model.design.relational.Table" directorySegmentName="seg_0" id="F509FF29-5288-9AF8-7B12-D7F8A1815365" name="DIRECTOR">
<createdBy>David</createdBy>
<createdTime>2025-12-11 21:13:47 UTC</createdTime>
<generatorID>DD9163CF-B175-1809-35E0-247EC8F68FA7</generatorID>
<ownerDesignName>ET_MER</ownerDesignName>
<allowColumnReorder>false</allowColumnReorder>
<existDependencyGenerateInDDl>true</existDependencyGenerateInDDl>
<parsed>true</parsed>
<columns itemClass="oracle.dbtools.crest.model.design.relational.Column">
<Column name="RUT" id="BB039880-57BD-2313-0A31-04F6A6C42F1E">
<createdBy>David</createdBy>
<createdTime>2025-12-11 21:13:47 UTC</createdTime>
<generatorID>3D2C1EAA-5D0A-1A19-1774-B523606B755F</generatorID>
<ownerDesignName>ET_MER</ownerDesignName>
<useDomainConstraints>false</useDomainConstraints>
<use>1</use>
<logicalDatatype>LOGDT024</logicalDatatype>
<dataTypeSize>15 BYTE</dataTypeSize>
<ownDataTypeParameters>15 BYTE,,</ownDataTypeParameters>
<autoIncrementCycle>false</autoIncrementCycle>
</Column>
<Column name="Nombre" id="ED1FC54D-8C8C-3344-C3D3-3D04D522C2B6">
<createdBy>David</createdBy>
<createdTime>2025-12-11 21:13:47 UTC</createdTime>
<generatorID>7F199023-13D5-6A87-4053-983CC251B856</generatorID>
<ownerDesignName>ET_MER</ownerDesignName>
<useDomainConstraints>false</useDomainConstraints>
<use>1</use>
<logicalDatatype>LOGDT024</logicalDatatype>
<dataTypeSize>15 BYTE</dataTypeSize>
<ownDataTypeParameters>15 BYTE,,</ownDataTypeParameters>
<autoIncrementCycle>false</autoIncrementCycle>
</Column>
<Column name="Apellido" id="905D0FA8-22C4-9935-CD9E-42680D0CF341">
<createdBy>David</createdBy>
<createdTime>2025-12-11 21:13:47 UTC</createdTime>
<generatorID>60DC912C-B5EF-F434-892D-351BA8023829</generatorID>
<ownerDesignName>ET_MER</ownerDesignName>
<useDomainConstraints>false</useDomainConstraints>
<use>1</use>
<logicalDatatype>LOGDT024</logicalDatatype>
<dataTypeSize>15 BYTE</dataTypeSize>
<ownDataTypeParameters>15 BYTE,,</ownDataTypeParameters>
<autoIncrementCycle>false</autoIncrementCycle>
</Column>
<Column name="Telefono" id="E3220FCF-1F38-4C46-175D-30E8321C0E34">
<createdBy>David</createdBy>
<createdTime>2025-12-11 21:13:47 UTC</createdTime>
<generatorID>1F32B700-5BB6-3F99-457D-D74A705DE103</generatorID>
<ownerDesignName>ET_MER</ownerDesignName>
<useDomainConstraints>false</useDomainConstraints>
<use>1</use>
<logicalDatatype>LOGDT024</logicalDatatype>
<dataTypeSize>15 BYTE</dataTypeSize>
<ownDataTypeParameters>15 BYTE,,</ownDataTypeParameters>
<autoIncrementCycle>false</autoIncrementCycle>
</Column>
<Column name="ESCUELA_ID" id="0E1D1507-A493-8854-2552-4C046AE24895">
<createdBy>David</createdBy>
<createdTime>2025-12-11 21:13:47 UTC</createdTime>
<generatorID>A9147818-9547-C4B4-D805-AA80691E4395</generatorID>
<ownerDesignName>ET_MER</ownerDesignName>
<useDomainConstraints>false</useDomainConstraints>
<use>1</use>
<logicalDatatype>LOGDT024</logicalDatatype>
<dataTypeSize>10 BYTE</dataTypeSize>
<ownDataTypeParameters>10 BYTE,,</ownDataTypeParameters>
<previousColumn>false</previousColumn>
<autoIncrementCycle>false</autoIncrementCycle>
<associations>
<colAssociation fkAssociation="3C95B008-7F27-33FC-38DF-26901D0A27E3" referredColumn="6AAC7294-6522-09FB-C191-8F8BCE1F8F2D"/>
</associations>
</Column>
<Column name="Direccion" id="3851E8F1-7981-064B-1EEA-113C23999C59">
<createdBy>SSDD</createdBy>
<createdTime>2025-12-12 18:51:56 UTC</createdTime>
<generatorID>ED856BB0-8174-F194-A695-59B5EB285B2F</generatorID>
<ownerDesignName>ET_MER</ownerDesignName>
<nullsAllowed>true</nullsAllowed>
<useDomainConstraints>false</useDomainConstraints>
<use>1</use>
<logicalDatatype>LOGDT024</logicalDatatype>
<dataTypeSize>30 BYTE</dataTypeSize>
<ownDataTypeParameters>30 BYTE,,</ownDataTypeParameters>
<autoIncrementCycle>false</autoIncrementCycle>
</Column>
<Column name="Comuna" id="BD87EFCF-BFAF-B37D-95E2-FA322E9CBF2E">
<createdBy>SSDD</createdBy>
<createdTime>2025-12-12 18:51:56 UTC</createdTime>
<generatorID>40A29E53-43CD-E5F5-CB9E-42C8AF6D197F</generatorID>
<ownerDesignName>ET_MER</ownerDesignName>
<useDomainConstraints>false</useDomainConstraints>
<use>1</use>
<logicalDatatype>LOGDT024</logicalDatatype>
<dataTypeSize>20 BYTE</dataTypeSize>
<ownDataTypeParameters>20 BYTE,,</ownDataTypeParameters>
<autoIncrementCycle>false</autoIncrementCycle>
</Column>
<Column name="Region" id="632F04BB-93A9-DB0C-3313-0D360DA2814C">
<createdBy>SSDD</createdBy>
<createdTime>2025-12-12 18:51:56 UTC</createdTime>
<generatorID>37132DB3-16D4-DBD5-01E5-C7784F5DCEB5</generatorID>
<ownerDesignName>ET_MER</ownerDesignName>
<useDomainConstraints>false</useDomainConstraints>
<use>1</use>
<logicalDatatype>LOGDT024</logicalDatatype>
<dataTypeSize>20 BYTE</dataTypeSize>
<ownDataTypeParameters>20 BYTE,,</ownDataTypeParameters>
<autoIncrementCycle>false</autoIncrementCycle>
</Column>
<Column name="Correo" id="0896AFD3-F9E3-6E4B-C897-30964C7AB7CF">
<createdBy>SSDD</createdBy>
<createdTime>2025-12-12 18:51:56 UTC</createdTime>
<generatorID>14F9267E-9678-A881-AC85-4539E9972D6D</generatorID>
<ownerDesignName>ET_MER</ownerDesignName>
<useDomainConstraints>false</useDomainConstraints>
<use>1</use>
<logicalDatatype>LOGDT024</logicalDatatype>
<dataTypeSize>30 BYTE</dataTypeSize>
<ownDataTypeParameters>30 BYTE,,</ownDataTypeParameters>
<autoIncrementCycle>false</autoIncrementCycle>
</Column>
<Column name="Profesion" id="27F20D2B-777F-8663-B75F-B083F45A325F">
<createdBy>SSDD</createdBy>
<createdTime>2025-12-12 18:51:56 UTC</createdTime>
<generatorID>C9C99D15-D70D-0EAC-94E7-B3679B6E8451</generatorID>
<ownerDesignName>ET_MER</ownerDesignName>
<useDomainConstraints>false</useDomainConstraints>
<use>1</use>
<logicalDatatype>LOGDT024</logicalDatatype>
<dataTypeSize>30</dataTypeSize>
<ownDataTypeParameters>30,,</ownDataTypeParameters>
<autoIncrementCycle>false</autoIncrementCycle>
</Column>
<Column name="Nacionalidad" id="B1F9ADE8-EFD7-2457-F087-E08A5359B4A0">
<createdBy>SSDD</createdBy>
<createdTime>2025-12-12 18:51:56 UTC</createdTime>
<generatorID>95CD48E6-5D16-5495-F53D-DB4D9A3B6EA0</generatorID>
<ownerDesignName>ET_MER</ownerDesignName>
<useDomainConstraints>false</useDomainConstraints>
<use>1</use>
<logicalDatatype>LOGDT024</logicalDatatype>
<dataTypeSize>20 BYTE</dataTypeSize>
<ownDataTypeParameters>20 BYTE,,</ownDataTypeParameters>
<autoIncrementCycle>false</autoIncrementCycle>
</Column>
<Column name="EstadoCivil" id="DDBBF659-6C6D-4509-809A-225835E2DF76">
<createdBy>SSDD</createdBy>
<createdTime>2025-12-12 18:51:56 UTC</createdTime>
<generatorID>058CAB97-730C-F475-BD66-033165D5A033</generatorID>
<ownerDesignName>ET_MER</ownerDesignName>
<nullsAllowed>true</nullsAllowed>
<useDomainConstraints>false</useDomainConstraints>
<use>1</use>
<logicalDatatype>LOGDT024</logicalDatatype>
<dataTypeSize>20 BYTE</dataTypeSize>
<ownDataTypeParameters>20 BYTE,,</ownDataTypeParameters>
<autoIncrementCycle>false</autoIncrementCycle>
</Column>
</columns>
<indexes itemClass="oracle.dbtools.crest.model.design.relational.Index">
<ind_PK_UK id="C75A9E53-469F-F108-2B48-31A16DE17510" name="DIRECTOR_PK">
<createdBy>David</createdBy>
<createdTime>2025-12-11 21:13:47 UTC</createdTime>
<generatorID>19FEC4C8-692E-4831-2301-746E7E30D2A3</generatorID>
<ownerDesignName>ET_MER</ownerDesignName>
<pk>true</pk>
<indexState>Primary Constraint</indexState>
<isSurrogateKey>false</isSurrogateKey>
<indexColumnUsage>
<colUsage columnID="BB039880-57BD-2313-0A31-04F6A6C42F1E"/>
</indexColumnUsage>
</ind_PK_UK>
<ind_PK_UK id="0B9795CC-978B-8E3C-6880-D3EF81D1D2B9" name="DIRECTOR_ESCUELA_FK">
<createdBy>David</createdBy>
<createdTime>2025-12-11 21:13:47 UTC</createdTime>
<generatorID>BD78EC64-3A53-1373-AF58-D2F2E8C8809D</generatorID>
<ownerDesignName>ET_MER</ownerDesignName>
<indexState>Foreign Key</indexState>
<isSurrogateKey>false</isSurrogateKey>
<indexColumnUsage>
<colUsage columnID="0E1D1507-A493-8854-2552-4C046AE24895"/>
</indexColumnUsage>
</ind_PK_UK>
</indexes>
</Table>