<?xml version = '1.0' encoding = 'UTF-8'?>
<Table class="oracle.dbtools.crest.model.design.relational.Table" directorySegmentName="seg_0" id="F6DD2E75-ECB8-F49A-E58E-97C829384072" name="PROFESOR">
<createdBy>David</createdBy>
<createdTime>2025-12-11 21:13:47 UTC</createdTime>
<generatorID>4357DF4F-7B8E-F2A9-C0D7-D165DFCA16F3</generatorID>
<ownerDesignName>ET_MER</ownerDesignName>
<allowColumnReorder>false</allowColumnReorder>
<existDependencyGenerateInDDl>true</existDependencyGenerateInDDl>
<parsed>true</parsed>
<columns itemClass="oracle.dbtools.crest.model.design.relational.Column">
<Column name="RUT" id="9960FC2F-0043-9388-5C5B-2F1AABD49324">
<createdBy>David</createdBy>
<createdTime>2025-12-11 21:13:47 UTC</createdTime>
<generatorID>204F418B-F46A-FF64-CBEB-A272B7A51BA7</generatorID>
<ownerDesignName>ET_MER</ownerDesignName>
<useDomainConstraints>false</useDomainConstraints>
<use>1</use>
<logicalDatatype>LOGDT024</logicalDatatype>
<dataTypeSize>15 BYTE</dataTypeSize>
<ownDataTypeParameters>15 BYTE,,</ownDataTypeParameters>
<autoIncrementCycle>false</autoIncrementCycle>
</Column>
<Column name="Nombre" id="B0DB02BA-BFCD-1142-647F-7B1699C1E040">
<createdBy>David</createdBy>
<createdTime>2025-12-11 21:13:47 UTC</createdTime>
<generatorID>725A66F4-E521-BF1D-24CF-A0B7AEE2F5B7</generatorID>
<ownerDesignName>ET_MER</ownerDesignName>
<useDomainConstraints>false</useDomainConstraints>
<use>1</use>
<logicalDatatype>LOGDT024</logicalDatatype>
<dataTypeSize>15 BYTE</dataTypeSize>
<ownDataTypeParameters>15 BYTE,,</ownDataTypeParameters>
<autoIncrementCycle>false</autoIncrementCycle>
</Column>
<Column name="Apellido" id="10994F16-1CE3-87B4-9938-4669FFAA3DD1">
<createdBy>David</createdBy>
<createdTime>2025-12-11 21:13:47 UTC</createdTime>
<generatorID>DD3093DF-ED5E-E445-E78C-AFB27070DE62</generatorID>
<ownerDesignName>ET_MER</ownerDesignName>
<useDomainConstraints>false</useDomainConstraints>
<use>1</use>
<logicalDatatype>LOGDT024</logicalDatatype>
<dataTypeSize>15 BYTE</dataTypeSize>
<ownDataTypeParameters>15 BYTE,,</ownDataTypeParameters>
<autoIncrementCycle>false</autoIncrementCycle>
</Column>
<Column name="Correo" id="B5540E4E-9136-BA09-430C-8CD908BF6ED3">
<createdBy>David</createdBy>
<createdTime>2025-12-11 21:13:47 UTC</createdTime>
<generatorID>1F12F0C9-89FA-B5C0-04E4-E9FAEF7D2E68</generatorID>
<ownerDesignName>ET_MER</ownerDesignName>
<useDomainConstraints>false</useDomainConstraints>
<use>1</use>
<logicalDatatype>LOGDT024</logicalDatatype>
<dataTypeSize>30 BYTE</dataTypeSize>
<ownDataTypeParameters>30 BYTE,,</ownDataTypeParameters>
<autoIncrementCycle>false</autoIncrementCycle>
</Column>
<Column name="Telefono" id="E7CC8C6E-15F2-D5CA-6F37-4DE3D39B4945">
<createdBy>David</createdBy>
<createdTime>2025-12-11 21:13:47 UTC</createdTime>
<generatorID>E537CA51-5936-68A4-4EA8-0AE53BD29E16</generatorID>
<ownerDesignName>ET_MER</ownerDesignName>
<nullsAllowed>true</nullsAllowed>
<useDomainConstraints>false</useDomainConstraints>
<use>1</use>
<logicalDatatype>LOGDT024</logicalDatatype>
<dataTypeSize>15 BYTE</dataTypeSize>
<ownDataTypeParameters>15 BYTE,,</ownDataTypeParameters>
<autoIncrementCycle>false</autoIncrementCycle>
</Column>
<Column name="TIPO_CONTRATO_ID" id="16949700-EB45-AD96-5C92-539DCC40FA80">
<createdBy>David</createdBy>
<createdTime>2025-12-11 21:13:47 UTC</createdTime>
<generatorID>0667F5EC-41F0-F354-E349-4779433B6145</generatorID>
<ownerDesignName>ET_MER</ownerDesignName>
<useDomainConstraints>false</useDomainConstraints>
<use>1</use>
<logicalDatatype>LOGDT024</logicalDatatype>
<dataTypeSize>10 BYTE</dataTypeSize>
<ownDataTypeParameters>10 BYTE,,</ownDataTypeParameters>
<previousColumn>false</previousColumn>
<autoIncrementCycle>false</autoIncrementCycle>
<associations>
<colAssociation fkAssociation="E6165F0D-841E-4A56-D3EE-B7601C3F828E" referredColumn="1B6C3FD1-F904-3379-93BE-E8B90BDF012D"/>
</associations>
</Column>
<Column name="Especialidad" id="AAFCBDE1-CC89-29DD-827E-1913FBAE658A">
<createdBy>SSDD</createdBy>
<createdTime>2025-12-12 18:51:56 UTC</createdTime>
<generatorID>04616470-8DB1-4B73-C8B1-5FE4B2E0E49F</generatorID>
<ownerDesignName>ET_MER</ownerDesignName>
<nullsAllowed>true</nullsAllowed>
<useDomainConstraints>false</useDomainConstraints>
<use>1</use>
<logicalDatatype>LOGDT024</logicalDatatype>
<dataTypeSize>30 BYTE</dataTypeSize>
<ownDataTypeParameters>30 BYTE,,</ownDataTypeParameters>
<autoIncrementCycle>false</autoIncrementCycle>
</Column>
<Column name="Universidad" id="0D5C3102-1656-83ED-65F2-5E6D32AEEA0D">
<createdBy>SSDD</createdBy>
<createdTime>2025-12-12 18:51:56 UTC</createdTime>
<generatorID>455D45FE-D0A8-3CD1-9340-947293E9414A</generatorID>
<ownerDesignName>ET_MER</ownerDesignName>
<nullsAllowed>true</nullsAllowed>
<useDomainConstraints>false</useDomainConstraints>
<use>1</use>
<logicalDatatype>LOGDT024</logicalDatatype>
<dataTypeSize>30 BYTE</dataTypeSize>
<ownDataTypeParameters>30 BYTE,,</ownDataTypeParameters>
<autoIncrementCycle>false</autoIncrementCycle>
</Column>
<Column name="DireProfesor" id="898D11AB-9485-9988-F140-C97DA6E1662A">
<createdBy>SSDD</createdBy>
<createdTime>2025-12-12 18:51:56 UTC</createdTime>
<generatorID>0FBC7623-1AC8-0E71-18CC-4C71C3C0333C</generatorID>
<ownerDesignName>ET_MER</ownerDesignName>
<useDomainConstraints>false</useDomainConstraints>
<use>1</use>
<logicalDatatype>LOGDT024</logicalDatatype>
<dataTypeSize>30 BYTE</dataTypeSize>
<ownDataTypeParameters>30 BYTE,,</ownDataTypeParameters>
<autoIncrementCycle>false</autoIncrementCycle>
</Column>
<Column name="AFP" id="02A33ADD-269F-C780-6E75-106934E7BAC9">
<createdBy>SSDD</createdBy>
<createdTime>2025-12-12 18:51:56 UTC</createdTime>
<generatorID>6324A39E-2E8F-3DED-57F8-39E714BAF28F</generatorID>
<ownerDesignName>ET_MER</ownerDesignName>
<nullsAllowed>true</nullsAllowed>
<useDomainConstraints>false</useDomainConstraints>
<use>1</use>
<logicalDatatype>LOGDT024</logicalDatatype>
<dataTypeSize>20 BYTE</dataTypeSize>
<ownDataTypeParameters>20 BYTE,,</ownDataTypeParameters>
<autoIncrementCycle>false</autoIncrementCycle>
</Column>
<Column name="ISAPRE" id="76AB15AA-3D88-C8C0-CB49-30455112A392">
<createdBy>SSDD</createdBy>
<createdTime>2025-12-12 18:51:56 UTC</createdTime>
<generatorID>D3533BD7-852E-FFCC-31D2-4A3431B00DDB</generatorID>
<ownerDesignName>ET_MER</ownerDesignName>
<nullsAllowed>true</nullsAllowed>
<useDomainConstraints>false</useDomainConstraints>
<use>1</use>
<logicalDatatype>LOGDT024</logicalDatatype>
<dataTypeSize>20 BYTE</dataTypeSize>
<ownDataTypeParameters>20 BYTE,,</ownDataTypeParameters>
<autoIncrementCycle>false</autoIncrementCycle>
</Column>
<Column name="SueldoBase" id="21A10775-E927-E894-CA32-4DDE0D88DF45">
<createdBy>SSDD</createdBy>
<createdTime>2025-12-12 18:51:56 UTC</createdTime>
<generatorID>819D0EC6-F135-E978-F5AF-A2AA8E5334E2</generatorID>
<ownerDesignName>ET_MER</ownerDesignName>
<nullsAllowed>true</nullsAllowed>
<useDomainConstraints>false</useDomainConstraints>
<use>1</use>
<logicalDatatype>LOGDT024</logicalDatatype>
<dataTypeSize>15 BYTE</dataTypeSize>
<ownDataTypeParameters>15 BYTE,,</ownDataTypeParameters>
<autoIncrementCycle>false</autoIncrementCycle>
</Column>
<Column name="ValorHora" id="99BA0026-F090-B101-589D-69EEA3303557">
<createdBy>SSDD</createdBy>
<createdTime>2025-12-12 18:51:56 UTC</createdTime>
<generatorID>6BFF0344-2C24-01BC-D5B3-54EAB5F0BB13</generatorID>
<ownerDesignName>ET_MER</ownerDesignName>
<nullsAllowed>true</nullsAllowed>
<useDomainConstraints>false</useDomainConstraints>
<use>1</use>
<logicalDatatype>LOGDT024</logicalDatatype>
<dataTypeSize>15 BYTE</dataTypeSize>
<ownDataTypeParameters>15 BYTE,,</ownDataTypeParameters>
<autoIncrementCycle>false</autoIncrementCycle>
</Column>
<Column name="HorasMensuales" id="D6B2FEA7-C687-6A03-2D41-0345516957F9">
<createdBy>SSDD</createdBy>
<createdTime>2025-12-12 18:51:56 UTC</createdTime>
<generatorID>19392505-AE36-2973-50A9-37C6AEAE0AD1</generatorID>
<ownerDesignName>ET_MER</ownerDesignName>
<nullsAllowed>true</nullsAllowed>
<useDomainConstraints>false</useDomainConstraints>
<use>1</use>
<logicalDatatype>LOGDT024</logicalDatatype>
<dataTypeSize>15 BYTE</dataTypeSize>
<ownDataTypeParameters>15 BYTE,,</ownDataTypeParameters>
<autoIncrementCycle>false</autoIncrementCycle>
</Column>
</columns>
<indexes itemClass="oracle.dbtools.crest.model.design.relational.Index">
<ind_PK_UK id="3BC9842B-C31F-84FA-F6DB-886C1FD49736" name="PROFESOR_PK">
<createdBy>David</createdBy>
<createdTime>2025-12-11 21:13:47 UTC</createdTime>
<generatorID>BE5DC920-503B-7D7E-BDDB-84A2ACA90A39</generatorID>
<ownerDesignName>ET_MER</ownerDesignName>
<pk>true</pk>
<indexState>Primary Constraint</indexState>
<isSurrogateKey>false</isSurrogateKey>
<indexColumnUsage>
<colUsage columnID="9960FC2F-0043-9388-5C5B-2F1AABD49324"/>
</indexColumnUsage>
</ind_PK_UK>
<ind_PK_UK id="EE7A893B-FFF4-1B55-A78A-CC00492812B3" name="PROFESOR__IDX">
<createdBy>David</createdBy>
<createdTime>2025-12-11 21:13:47 UTC</createdTime>
<ownerDesignName>ET_MER</ownerDesignName>
<indexState>Unique Plain Index</indexState>
<isSurrogateKey>false</isSurrogateKey>
<relationGeneratorID>10217B36-1180-9C22-7059-0627485033BC</relationGeneratorID>
<indexColumnUsage>
<colUsage columnID="16949700-EB45-AD96-5C92-539DCC40FA80"/>
</indexColumnUsage>
</ind_PK_UK>
<ind_PK_UK id="04F02478-A3BB-4453-F1A9-3A57CEBA5764" name="PROFESOR_TIPO_CONTRATO_FK">
<createdBy>SSDD</createdBy>
<createdTime>2025-12-12 18:53:39 UTC</createdTime>
<generatorID>10217B36-1180-9C22-7059-0627485033BC</generatorID>
<ownerDesignName>ET_MER</ownerDesignName>
<indexState>Foreign Key</indexState>
<isSurrogateKey>false</isSurrogateKey>
<indexColumnUsage>
<colUsage columnID="16949700-EB45-AD96-5C92-539DCC40FA80"/>
</indexColumnUsage>
</ind_PK_UK>
</indexes>
</Table>