<?xml version = '1.0' encoding = 'UTF-8'?>
<Diagram class="oracle.dbtools.crest.swingui.logical.DPVLogical" name="Logical" id="EDD91555-AA71-81EE-A51B-B0033A388A69">
<createdBy>David</createdBy>
<modifiedBy>David</modifiedBy>
<createdTime>2025-12-10 22:30:40 UTC</createdTime>
<autoRoute>false</autoRoute>
<boxInbox>true</boxInbox>
<showLegend>false</showLegend>
<showLabels>false</showLabels>
<showRelAttributes>false</showRelAttributes>
<gridEnabled>false</gridEnabled>
<showGrid>false</showGrid>
<diagramColor>-1</diagramColor>
<display>false</display>
<notation>1</notation>
<objectViews>
<OView class="oracle.dbtools.crest.swingui.logical.TVEntity" oid="241E1988-C38B-89E9-8AB8-CA589653A261" otype="Entity" vid="10E2D60C-7562-5F86-4599-78C8D4D21136">
<hideElementsInCurrentOnly>false</hideElementsInCurrentOnly>
<bounds x="916" y="48" width="170" height="110"/>
</OView>
<OView class="oracle.dbtools.crest.swingui.logical.TVEntity" oid="3BF37539-163E-98F8-C196-0C026408FA7A" otype="Entity" vid="1BCAA6DE-51F9-0597-EBA3-8F8615AFD94C">
<hideElementsInCurrentOnly>false</hideElementsInCurrentOnly>
<bounds x="42" y="39" width="170" height="110"/>
</OView>
<OView class="oracle.dbtools.crest.swingui.logical.TVEntity" oid="4357DF4F-7B8E-F2A9-C0D7-D165DFCA16F3" otype="Entity" vid="CF261D49-2FEB-14AA-98BC-D509CFAAD884">
<hideElementsInCurrentOnly>false</hideElementsInCurrentOnly>
<bounds x="47" y="339" width="170" height="166"/>
</OView>
<OView class="oracle.dbtools.crest.swingui.logical.TVEntity" oid="7E37BAF7-A5B4-C90B-522B-E7F7FC67A53D" otype="Entity" vid="B822D010-6F2A-C2B0-3215-136E20D36ACF">
<hideElementsInCurrentOnly>false</hideElementsInCurrentOnly>
<bounds x="496" y="388" width="170" height="110"/>
</OView>
<OView class="oracle.dbtools.crest.swingui.logical.TVEntity" oid="BAEDF4CA-4AEA-C44C-CFBD-A34E292AA04D" otype="Entity" vid="2D7B41E8-8320-CBC2-2A5D-55728CFD5443">
<hideElementsInCurrentOnly>false</hideElementsInCurrentOnly>
<bounds x="305" y="46" width="170" height="110"/>
</OView>
<OView class="oracle.dbtools.crest.swingui.logical.TVEntity" oid="DD9163CF-B175-1809-35E0-247EC8F68FA7" otype="Entity" vid="ECA70FA0-9125-F776-F99D-CF2C4DF40F8D">
<hideElementsInCurrentOnly>false</hideElementsInCurrentOnly>
<bounds x="814" y="292" width="131" height="184"/>
</OView>
<OView class="oracle.dbtools.crest.swingui.logical.TVEntity" oid="FCF4C19E-B965-6324-886C-9411A1A2C45B" otype="Entity" vid="9E776504-EB69-F556-F3FA-CAB9CF693A7B">
<hideElementsInCurrentOnly>false</hideElementsInCurrentOnly>
<bounds x="616" y="45" width="147" height="142"/>
</OView>
</objectViews>
<connectors>
<Connector class="oracle.dbtools.crest.swingui.logical.TVRelation" oid="10217B36-1180-9C22-7059-0627485033BC" otype="Relation" vid_source="CF261D49-2FEB-14AA-98BC-D509CFAAD884" vid_target="B822D010-6F2A-C2B0-3215-136E20D36ACF">
<hideElementsInCurrentOnly>false</hideElementsInCurrentOnly>
<backgroundColor>-16777216</backgroundColor>
<lineWidth>1</lineWidth>
<points>
<point x="217" y="443"/>
<point x="496" y="443"/>
</points>
</Connector>
<Connector class="oracle.dbtools.crest.swingui.logical.TVRelation" oid="44CA0970-3A58-E2DD-1C77-C57FF581BE56" otype="Relation" vid_source="9E776504-EB69-F556-F3FA-CAB9CF693A7B" vid_target="CF261D49-2FEB-14AA-98BC-D509CFAAD884">
<hideElementsInCurrentOnly>false</hideElementsInCurrentOnly>
<backgroundColor>-16777216</backgroundColor>
<lineWidth>1</lineWidth>
<points>
<point x="616" y="156"/>
<point x="217" y="375"/>
</points>
</Connector>
<Connector class="oracle.dbtools.crest.swingui.logical.TVRelation" oid="487C525B-9121-39C1-B411-E527C9136CE5" otype="Relation" vid_source="1BCAA6DE-51F9-0597-EBA3-8F8615AFD94C" vid_target="2D7B41E8-8320-CBC2-2A5D-55728CFD5443">
<hideElementsInCurrentOnly>false</hideElementsInCurrentOnly>
<backgroundColor>-16777216</backgroundColor>
<lineWidth>1</lineWidth>
<points>
<point x="212" y="97"/>
<point x="305" y="97"/>
</points>
</Connector>
<Connector class="oracle.dbtools.crest.swingui.logical.TVRelation" oid="BD78EC64-3A53-1373-AF58-D2F2E8C8809D" otype="Relation" vid_source="9E776504-EB69-F556-F3FA-CAB9CF693A7B" vid_target="ECA70FA0-9125-F776-F99D-CF2C4DF40F8D">
<hideElementsInCurrentOnly>false</hideElementsInCurrentOnly>
<backgroundColor>-16777216</backgroundColor>
<lineWidth>1</lineWidth>
<points>
<point x="739" y="187"/>
<point x="814" y="292"/>
</points>
</Connector>
<Connector class="oracle.dbtools.crest.swingui.logical.TVRelation" oid="EA13FBE2-2901-187C-D71E-4325C628FFCE" otype="Relation" vid_source="2D7B41E8-8320-CBC2-2A5D-55728CFD5443" vid_target="9E776504-EB69-F556-F3FA-CAB9CF693A7B">
<hideElementsInCurrentOnly>false</hideElementsInCurrentOnly>
<backgroundColor>-16777216</backgroundColor>
<lineWidth>1</lineWidth>
<points>
<point x="475" y="101"/>
<point x="616" y="101"/>
</points>
</Connector>
<Connector class="oracle.dbtools.crest.swingui.logical.TVRelation" oid="F4E11F65-DE85-5AD0-ABCB-9A33ABF7013E" otype="Relation" vid_source="9E776504-EB69-F556-F3FA-CAB9CF693A7B" vid_target="10E2D60C-7562-5F86-4599-78C8D4D21136">
<hideElementsInCurrentOnly>false</hideElementsInCurrentOnly>
<backgroundColor>-16777216</backgroundColor>
<lineWidth>1</lineWidth>
<points>
<point x="763" y="103"/>
<point x="916" y="103"/>
</points>
</Connector>
</connectors>
</Diagram>