<?xml version = '1.0' encoding = 'UTF-8'?>
<FKIndexAssociation class="oracle.dbtools.crest.model.design.relational.FKIndexAssociation" directorySegmentName="seg_0" id="0252550C-F342-A37C-E02A-D097947FCAB4" containerWithKeyObject="08560809-ECD5-8E5D-3D87-B146C90F90E2" localFKIndex="1CE8A40D-3445-FDFB-EF0F-E7DC9BA05909" name="ESCUELA_RECINTO_FK">
<createdBy>David</createdBy>
<createdTime>2025-12-11 21:13:47 UTC</createdTime>
<generatorID>EA13FBE2-2901-187C-D71E-4325C628FFCE</generatorID>
<ownerDesignName>ET_MER</ownerDesignName>
<referredTableLongName>RECINTO</referredTableLongName>
<deleteRule>NO ACTION</deleteRule>
<referredTableID>C3635F25-6281-BEA5-585E-3EC446747031</referredTableID>
<keyObject>45F2A5D8-2862-55F5-EAD7-035A5E174FEC</keyObject>
<referredKeyID>45F2A5D8-2862-55F5-EAD7-035A5E174FEC</referredKeyID>
<mandatory>true</mandatory>
<refColNames>ID</refColNames>
<transferable>true</transferable>
<rely>false</rely>
<columnDependencyConstraintGenerateInDDL>true</columnDependencyConstraintGenerateInDDL>
</FKIndexAssociation>