<?xml version = '1.0' encoding = 'UTF-8'?>
<FKIndexAssociation class="oracle.dbtools.crest.model.design.relational.FKIndexAssociation" directorySegmentName="seg_0" id="0EEADCDB-54EE-89ED-E797-92F94E8E3A48" containerWithKeyObject="E3BD6607-744D-0653-4DA2-B486575EB6A3" localFKIndex="B37EAF52-7018-CE15-0722-2A365CB397F1" name="Relation_3_PROFESOR_FK">
<createdBy>David</createdBy>
<createdTime>2025-12-11 21:13:47 UTC</createdTime>
<generatorID>44CA0970-3A58-E2DD-1C77-C57FF581BE56</generatorID>
<ownerDesignName>ET_MER</ownerDesignName>
<referredTableLongName>PROFESOR</referredTableLongName>
<deleteRule>NO ACTION</deleteRule>
<referredTableID>F6DD2E75-ECB8-F49A-E58E-97C829384072</referredTableID>
<keyObject>3BC9842B-C31F-84FA-F6DB-886C1FD49736</keyObject>
<referredKeyID>3BC9842B-C31F-84FA-F6DB-886C1FD49736</referredKeyID>
<mandatory>true</mandatory>
<refColNames>RUT</refColNames>
<transferable>true</transferable>
<rely>false</rely>
<columnDependencyConstraintGenerateInDDL>true</columnDependencyConstraintGenerateInDDL>
</FKIndexAssociation>