<?xml version = '1.0' encoding = 'UTF-8'?>
<FKIndexAssociation class="oracle.dbtools.crest.model.design.relational.FKIndexAssociation" directorySegmentName="seg_0" id="B81FC9F3-AC87-AC66-F7DD-88D94EAE2C27" containerWithKeyObject="F6DD2E75-ECB8-F49A-E58E-97C829384072" localFKIndex="AEE128AA-3B76-CE34-B949-B5A682286183" name="PROFESOR_TIPO_CONTRATO_FK">
<createdBy>David</createdBy>
<createdTime>2025-12-11 21:13:47 UTC</createdTime>
<generatorID>10217B36-1180-9C22-7059-0627485033BC</generatorID>
<ownerDesignName>ET_MER</ownerDesignName>
<referredTableLongName>TIPO_CONTRATO</referredTableLongName>
<deleteRule>NO ACTION</deleteRule>
<referredTableID>74315BA5-7FF3-8F7D-02A0-E5AF55A009C5</referredTableID>
<keyObject>9707B315-6C38-3535-3011-82C4AB28CFD0</keyObject>
<referredKeyID>9707B315-6C38-3535-3011-82C4AB28CFD0</referredKeyID>
<mandatory>true</mandatory>
<refColNames>ID</refColNames>
<transferable>true</transferable>
<rely>false</rely>
<columnDependencyConstraintGenerateInDDL>true</columnDependencyConstraintGenerateInDDL>
</FKIndexAssociation>