<?xml version = '1.0' encoding = 'UTF-8'?>
<FKIndexAssociation class="oracle.dbtools.crest.model.design.relational.FKIndexAssociation" directorySegmentName="seg_0" id="EB7A623D-23E1-552B-09AB-BB344AA02ADF" containerWithKeyObject="C3635F25-6281-BEA5-585E-3EC446747031" localFKIndex="5793B946-23D9-DDEE-A7CD-C0489F9EC866" name="RECINTO_MUNICIPALIDAD_FK">
<createdBy>David</createdBy>
<createdTime>2025-12-11 21:13:47 UTC</createdTime>
<generatorID>487C525B-9121-39C1-B411-E527C9136CE5</generatorID>
<ownerDesignName>ET_MER</ownerDesignName>
<referredTableLongName>MUNICIPALIDAD</referredTableLongName>
<deleteRule>NO ACTION</deleteRule>
<referredTableID>B3472BA1-6EDA-CF38-2E75-A8E0D3FD3193</referredTableID>
<keyObject>DC0568DD-4EE0-29BA-9673-608729347601</keyObject>
<referredKeyID>DC0568DD-4EE0-29BA-9673-608729347601</referredKeyID>
<mandatory>true</mandatory>
<refColNames>ID</refColNames>
<transferable>true</transferable>
<rely>false</rely>
<columnDependencyConstraintGenerateInDDL>true</columnDependencyConstraintGenerateInDDL>
</FKIndexAssociation>