<?xml version = '1.0' encoding = 'UTF-8'?>
<Entity class="oracle.dbtools.crest.model.design.logical.Entity" directorySegmentName="seg_0" id="3BF37539-163E-98F8-C196-0C026408FA7A" name="MUNICIPALIDAD">
<createdBy>David</createdBy>
<createdTime>2025-12-10 22:30:40 UTC</createdTime>
<ownerDesignName>ET_MER</ownerDesignName>
<engineerTo>
<item key="C159C734-B880-564E-0DDB-BF299325B966" value="true"/>
</engineerTo>
<adequatelyNormalized>NO</adequatelyNormalized>
<expectedVolumes>0</expectedVolumes>
<fwdEngineeringStrategyName>Single Table</fwdEngineeringStrategyName>
<growthPercent>0</growthPercent>
<growthType>Year</growthType>
<maxVolumes>9999999</maxVolumes>
<minVolumes>0</minVolumes>
<normalForm>Third</normalForm>
<attributes itemClass="oracle.dbtools.crest.model.design.logical.Attribute">
<Attribute name="ID" id="8D6F07A7-42B6-BCA8-BBA1-3BC8D08D8610">
<createdBy>David</createdBy>
<createdTime>2025-12-10 22:42:16 UTC</createdTime>
<ownerDesignName>ET_MER</ownerDesignName>
<engineerTo>
<item key="C159C734-B880-564E-0DDB-BF299325B966" value="true"/>
</engineerTo>
<useDomainConstraints>false</useDomainConstraints>
<use>1</use>
<logicalDatatype>LOGDT024</logicalDatatype>
<dataTypeSize>10 BYTE</dataTypeSize>
<ownDataTypeParameters>10 BYTE,,</ownDataTypeParameters>
</Attribute>
<Attribute name="NomMuni" id="35EC8EBB-F2B8-BDB3-3E4D-8EE527973CA5">
<createdBy>David</createdBy>
<createdTime>2025-12-10 22:41:41 UTC</createdTime>
<ownerDesignName>ET_MER</ownerDesignName>
<engineerTo>
<item key="C159C734-B880-564E-0DDB-BF299325B966" value="true"/>
</engineerTo>
<useDomainConstraints>false</useDomainConstraints>
<use>1</use>
<logicalDatatype>LOGDT024</logicalDatatype>
<dataTypeSize>30 BYTE</dataTypeSize>
<ownDataTypeParameters>30 BYTE,,</ownDataTypeParameters>
</Attribute>
<Attribute name="Direccion" id="081D782F-8B93-23CE-873B-9C8DCD2A2676">
<createdBy>David</createdBy>
<createdTime>2025-12-10 22:42:37 UTC</createdTime>
<ownerDesignName>ET_MER</ownerDesignName>
<engineerTo>
<item key="C159C734-B880-564E-0DDB-BF299325B966" value="true"/>
</engineerTo>
<useDomainConstraints>false</useDomainConstraints>
<use>1</use>
<logicalDatatype>LOGDT024</logicalDatatype>
<dataTypeSize>30 BYTE</dataTypeSize>
<ownDataTypeParameters>30 BYTE,,</ownDataTypeParameters>
</Attribute>
</attributes>
<identifiers itemClass="oracle.dbtools.crest.model.design.logical.CandidateKey">
<identifier id="F6F95DBC-F60E-0F3B-0F05-B2D87D31DA6C" name="MUNICIPALIDAD PK">
<createdBy>David</createdBy>
<createdTime>2025-12-10 22:42:01 UTC</createdTime>
<ownerDesignName>ET_MER</ownerDesignName>
<shouldEngineer>false</shouldEngineer>
<engineerTo>
<item key="C159C734-B880-564E-0DDB-BF299325B966" value="false"/>
</engineerTo>
<pk>true</pk>
<usedAttributes>
<attributeRef>8D6F07A7-42B6-BCA8-BBA1-3BC8D08D8610</attributeRef>
</usedAttributes>
</identifier>
</identifiers>
</Entity>