<?xml version = '1.0' encoding = 'UTF-8'?>
<Relation class="oracle.dbtools.crest.model.design.logical.Relation" name="Relation_2" directorySegmentName="seg_0" id="EA13FBE2-2901-187C-D71E-4325C628FFCE">
<createdBy>David</createdBy>
<createdTime>2025-12-11 01:25:17 UTC</createdTime>
<ownerDesignName>ET_MER</ownerDesignName>
<engineerTo>
<item key="FFF5B524-B1D8-7326-FB8A-BF7E4669BF6B" value="true"/>
</engineerTo>
<sourcePk>87A3DB86-0DC9-EC75-5834-9FDD10F335E7</sourcePk>
<identifying>false</identifying>
<optionalSource>false</optionalSource>
<optionalTarget>false</optionalTarget>
<sourceCardinality>1</sourceCardinality>
<sourceEntity>BAEDF4CA-4AEA-C44C-CFBD-A34E292AA04D</sourceEntity>
<targetCardinalityString>*</targetCardinalityString>
<targetEntity>FCF4C19E-B965-6324-886C-9411A1A2C45B</targetEntity>
<transferable>true</transferable>
<deleteRule>NO ACTION</deleteRule>
</Relation>