<?xml version = '1.0' encoding = 'UTF-8'?>
<Relation class="oracle.dbtools.crest.model.design.logical.Relation" name="Relation_6" directorySegmentName="seg_0" id="F4E11F65-DE85-5AD0-ABCB-9A33ABF7013E">
<createdBy>David</createdBy>
<createdTime>2025-12-11 01:30:39 UTC</createdTime>
<ownerDesignName>ET_MER</ownerDesignName>
<engineerTo>
<item key="FFF5B524-B1D8-7326-FB8A-BF7E4669BF6B" value="true"/>
</engineerTo>
<sourcePk>96412819-515F-F336-15ED-37F5489F938E</sourcePk>
<targetPk>2B8F4425-6286-238C-DF17-CF7BE4F6DF44</targetPk>
<identifying>false</identifying>
<optionalSource>false</optionalSource>
<optionalTarget>false</optionalTarget>
<sourceCardinality>1</sourceCardinality>
<sourceEntity>FCF4C19E-B965-6324-886C-9411A1A2C45B</sourceEntity>
<targetCardinalityString>1</targetCardinalityString>
<targetEntity>241E1988-C38B-89E9-8AB8-CA589653A261</targetEntity>
<transferable>true</transferable>
<deleteRule>NO ACTION</deleteRule>
</Relation>