<?xml version = '1.0' encoding = 'UTF-8'?>
<FKIndexAssociation class="oracle.dbtools.crest.model.design.relational.FKIndexAssociation" directorySegmentName="seg_0" id="1BCB7F76-D8F1-75A8-E403-580660600DB1" containerWithKeyObject="08560809-ECD5-8E5D-3D87-B146C90F90E2" localFKIndex="CA75DA86-8035-C2E9-B966-3B1C160A6B48" name="ESCUELA_DEPORTE_FK">
<createdBy>SSDD</createdBy>
<createdTime>2025-12-12 18:53:39 UTC</createdTime>
<generatorID>F4E11F65-DE85-5AD0-ABCB-9A33ABF7013E</generatorID>
<ownerDesignName>ET_MER</ownerDesignName>
<referredTableLongName>DEPORTE</referredTableLongName>
<deleteRule>NO ACTION</deleteRule>
<referredTableID>D8949F57-C354-B4B8-18E6-58F9922407E8</referredTableID>
<keyObject>5A455963-DB97-F30F-4375-4AF0B9BF3F4C</keyObject>
<referredKeyID>5A455963-DB97-F30F-4375-4AF0B9BF3F4C</referredKeyID>
<mandatory>true</mandatory>
<refColNames>ID</refColNames>
<transferable>true</transferable>
<rely>false</rely>
<columnDependencyConstraintGenerateInDDL>true</columnDependencyConstraintGenerateInDDL>
</FKIndexAssociation>