<?xml version = '1.0' encoding = 'UTF-8'?>
<FKIndexAssociation class="oracle.dbtools.crest.model.design.relational.FKIndexAssociation" directorySegmentName="seg_0" id="350EEB49-5C56-7894-069F-7ADEB68D0707" containerWithKeyObject="74315BA5-7FF3-8F7D-02A0-E5AF55A009C5" localFKIndex="4FF7C65A-EBCC-DBEA-093A-A89BC050C9F5" name="TIPO_CONTRATO_PROFESOR_FKv2">
<createdBy>SSDD</createdBy>
<createdTime>2025-12-12 18:53:39 UTC</createdTime>
<generatorID>10217B36-1180-9C22-7059-0627485033BC</generatorID>
<ownerDesignName>ET_MER</ownerDesignName>
<referredTableLongName>PROFESOR</referredTableLongName>
<deleteRule>NO ACTION</deleteRule>
<referredTableID>F6DD2E75-ECB8-F49A-E58E-97C829384072</referredTableID>
<keyObject>3BC9842B-C31F-84FA-F6DB-886C1FD49736</keyObject>
<referredKeyID>3BC9842B-C31F-84FA-F6DB-886C1FD49736</referredKeyID>
<mandatory>true</mandatory>
<refColNames>RUT</refColNames>
<transferable>true</transferable>
<rely>false</rely>
<columnDependencyConstraintGenerateInDDL>true</columnDependencyConstraintGenerateInDDL>
</FKIndexAssociation>