<?xml version = '1.0' encoding = 'UTF-8'?>
<FKIndexAssociation class="oracle.dbtools.crest.model.design.relational.FKIndexAssociation" directorySegmentName="seg_0" id="46B3EE74-E0BC-2945-FE26-62ABC85EF622" containerWithKeyObject="D8949F57-C354-B4B8-18E6-58F9922407E8" localFKIndex="985E5B77-A69F-FBCF-F427-12C93590F2A9" name="DEPORTE_ESCUELA_FK">
<createdBy>SSDD</createdBy>
<createdTime>2025-12-12 18:53:39 UTC</createdTime>
<generatorID>F4E11F65-DE85-5AD0-ABCB-9A33ABF7013E</generatorID>
<ownerDesignName>ET_MER</ownerDesignName>
<referredTableLongName>ESCUELA</referredTableLongName>
<deleteRule>NO ACTION</deleteRule>
<referredTableID>08560809-ECD5-8E5D-3D87-B146C90F90E2</referredTableID>
<keyObject>CC40689F-9432-D7D2-A91F-59397C4D53C7</keyObject>
<referredKeyID>CC40689F-9432-D7D2-A91F-59397C4D53C7</referredKeyID>
<mandatory>true</mandatory>
<refColNames>ID</refColNames>
<transferable>true</transferable>
<rely>false</rely>
<columnDependencyConstraintGenerateInDDL>true</columnDependencyConstraintGenerateInDDL>
</FKIndexAssociation>