<?xml version = '1.0' encoding = 'UTF-8'?>
<FKIndexAssociation class="oracle.dbtools.crest.model.design.relational.FKIndexAssociation" directorySegmentName="seg_0" id="ADE1E1E7-C186-F576-9E01-0B2CD4DA8EB3" containerWithKeyObject="74315BA5-7FF3-8F7D-02A0-E5AF55A009C5" localFKIndex="E7D79BE6-D32B-089E-BA3A-93AB06CADFF2" name="TIPO_CONTRATO_PROFESOR_FK">
<createdBy>SSDD</createdBy>
<createdTime>2025-12-12 18:53:11 UTC</createdTime>
<generatorID>BE5DC920-503B-7D7E-BDDB-84A2ACA90A39</generatorID>
<ownerDesignName>ET_MER</ownerDesignName>
<referredTableLongName>PROFESOR</referredTableLongName>
<deleteRule>NO ACTION</deleteRule>
<referredTableID>F6DD2E75-ECB8-F49A-E58E-97C829384072</referredTableID>
<keyObject>3BC9842B-C31F-84FA-F6DB-886C1FD49736</keyObject>
<referredKeyID>3BC9842B-C31F-84FA-F6DB-886C1FD49736</referredKeyID>
<mandatory>false</mandatory>
<refColNames>RUT</refColNames>
<transferable>true</transferable>
<rely>false</rely>
<columnDependencyConstraintGenerateInDDL>true</columnDependencyConstraintGenerateInDDL>
</FKIndexAssociation>