<?xml version = '1.0' encoding = 'UTF-8'?>
<FKIndexAssociation class="oracle.dbtools.crest.model.design.relational.FKIndexAssociation" directorySegmentName="seg_0" id="E6165F0D-841E-4A56-D3EE-B7601C3F828E" containerWithKeyObject="F6DD2E75-ECB8-F49A-E58E-97C829384072" localFKIndex="04F02478-A3BB-4453-F1A9-3A57CEBA5764" name="PROFESOR_TIPO_CONTRATO_FK">
<createdBy>SSDD</createdBy>
<createdTime>2025-12-12 18:53:39 UTC</createdTime>
<generatorID>10217B36-1180-9C22-7059-0627485033BC</generatorID>
<ownerDesignName>ET_MER</ownerDesignName>
<referredTableLongName>TIPO_CONTRATO</referredTableLongName>
<deleteRule>NO ACTION</deleteRule>
<referredTableID>74315BA5-7FF3-8F7D-02A0-E5AF55A009C5</referredTableID>
<keyObject>9707B315-6C38-3535-3011-82C4AB28CFD0</keyObject>
<referredKeyID>9707B315-6C38-3535-3011-82C4AB28CFD0</referredKeyID>
<mandatory>true</mandatory>
<refColNames>ID</refColNames>
<transferable>true</transferable>
<rely>false</rely>
<columnDependencyConstraintGenerateInDDL>true</columnDependencyConstraintGenerateInDDL>
</FKIndexAssociation>