<?xml version = '1.0' encoding = 'UTF-8'?>
<Table class="oracle.dbtools.crest.model.design.relational.Table" directorySegmentName="seg_0" id="E3BD6607-744D-0653-4DA2-B486575EB6A3" name="CONTRATO_PROFESOR">
<createdBy>David</createdBy>
<createdTime>2025-12-11 21:13:47 UTC</createdTime>
<ownerDesignName>ET_MER</ownerDesignName>
<ordsAlias>relation_3</ordsAlias>
<allowColumnReorder>false</allowColumnReorder>
<existDependencyGenerateInDDl>true</existDependencyGenerateInDDl>
<parsed>true</parsed>
<columns itemClass="oracle.dbtools.crest.model.design.relational.Column">
<Column name="ESCUELA_ID" id="D95ED7D4-AF03-9955-5CD7-1ABBAD6261A0">
<createdBy>David</createdBy>
<createdTime>2025-12-11 21:13:47 UTC</createdTime>
<ownerDesignName>ET_MER</ownerDesignName>
<useDomainConstraints>false</useDomainConstraints>
<use>1</use>
<logicalDatatype>LOGDT024</logicalDatatype>
<dataTypeSize>10 BYTE</dataTypeSize>
<ownDataTypeParameters>,,</ownDataTypeParameters>
<previousColumn>false</previousColumn>
<autoIncrementCycle>false</autoIncrementCycle>
<associations>
<colAssociation fkAssociation="CE28FE7A-6B39-9ECA-4C66-F3B945F546EE" referredColumn="6AAC7294-6522-09FB-C191-8F8BCE1F8F2D"/>
</associations>
</Column>
<Column name="PROFESOR_RUT" id="2B9335A3-DC33-7454-B70F-81CB4D0326E7">
<createdBy>David</createdBy>
<createdTime>2025-12-11 21:13:47 UTC</createdTime>
<ownerDesignName>ET_MER</ownerDesignName>
<useDomainConstraints>false</useDomainConstraints>
<use>1</use>
<logicalDatatype>LOGDT024</logicalDatatype>
<dataTypeSize>10 BYTE</dataTypeSize>
<ownDataTypeParameters>,,</ownDataTypeParameters>
<previousColumn>false</previousColumn>
<autoIncrementCycle>false</autoIncrementCycle>
<associations>
<colAssociation fkAssociation="0EEADCDB-54EE-89ED-E797-92F94E8E3A48" referredColumn="9960FC2F-0043-9388-5C5B-2F1AABD49324"/>
</associations>
</Column>
</columns>
<indexes itemClass="oracle.dbtools.crest.model.design.relational.Index">
<ind_PK_UK id="2267C9AB-6C3E-BBE7-7BD7-A9E882E3D34C" name="Relation_3_PK">
<createdBy>David</createdBy>
<createdTime>2025-12-11 21:13:47 UTC</createdTime>
<ownerDesignName>ET_MER</ownerDesignName>
<pk>true</pk>
<indexState>Primary Constraint</indexState>
<isSurrogateKey>false</isSurrogateKey>
<indexColumnUsage>
<colUsage columnID="D95ED7D4-AF03-9955-5CD7-1ABBAD6261A0"/>
<colUsage columnID="2B9335A3-DC33-7454-B70F-81CB4D0326E7"/>
</indexColumnUsage>
</ind_PK_UK>
<ind_PK_UK id="4A8A8B58-57C3-8A66-11A7-FFA56DDB851F" name="Relation_3_ESCUELA_FK">
<createdBy>David</createdBy>
<createdTime>2025-12-11 21:13:47 UTC</createdTime>
<generatorID>44CA0970-3A58-E2DD-1C77-C57FF581BE56</generatorID>
<ownerDesignName>ET_MER</ownerDesignName>
<indexState>Foreign Key</indexState>
<isSurrogateKey>false</isSurrogateKey>
<indexColumnUsage>
<colUsage columnID="D95ED7D4-AF03-9955-5CD7-1ABBAD6261A0"/>
</indexColumnUsage>
</ind_PK_UK>
<ind_PK_UK id="B37EAF52-7018-CE15-0722-2A365CB397F1" name="Relation_3_PROFESOR_FK">
<createdBy>David</createdBy>
<createdTime>2025-12-11 21:13:47 UTC</createdTime>
<generatorID>44CA0970-3A58-E2DD-1C77-C57FF581BE56</generatorID>
<ownerDesignName>ET_MER</ownerDesignName>
<indexState>Foreign Key</indexState>
<isSurrogateKey>false</isSurrogateKey>
<indexColumnUsage>
<colUsage columnID="2B9335A3-DC33-7454-B70F-81CB4D0326E7"/>
</indexColumnUsage>
</ind_PK_UK>
</indexes>
</Table>