<?xml version = '1.0' encoding = 'UTF-8'?>
<Table class="oracle.dbtools.crest.model.design.relational.Table" directorySegmentName="seg_0" id="F6DD2E75-ECB8-F49A-E58E-97C829384072" name="PROFESOR">
<createdBy>David</createdBy>
<createdTime>2025-12-11 21:13:47 UTC</createdTime>
<generatorID>4357DF4F-7B8E-F2A9-C0D7-D165DFCA16F3</generatorID>
<ownerDesignName>ET_MER</ownerDesignName>
<allowColumnReorder>false</allowColumnReorder>
<existDependencyGenerateInDDl>true</existDependencyGenerateInDDl>
<parsed>true</parsed>
<columns itemClass="oracle.dbtools.crest.model.design.relational.Column">
<Column name="RUT" id="9960FC2F-0043-9388-5C5B-2F1AABD49324">
<createdBy>David</createdBy>
<createdTime>2025-12-11 21:13:47 UTC</createdTime>
<generatorID>204F418B-F46A-FF64-CBEB-A272B7A51BA7</generatorID>
<ownerDesignName>ET_MER</ownerDesignName>
<useDomainConstraints>false</useDomainConstraints>
<use>1</use>
<logicalDatatype>LOGDT024</logicalDatatype>
<dataTypeSize>15 BYTE</dataTypeSize>
<ownDataTypeParameters>15 BYTE,,</ownDataTypeParameters>
<autoIncrementCycle>false</autoIncrementCycle>
</Column>
<Column name="Nombre" id="B0DB02BA-BFCD-1142-647F-7B1699C1E040">
<createdBy>David</createdBy>
<createdTime>2025-12-11 21:13:47 UTC</createdTime>
<generatorID>725A66F4-E521-BF1D-24CF-A0B7AEE2F5B7</generatorID>
<ownerDesignName>ET_MER</ownerDesignName>
<useDomainConstraints>false</useDomainConstraints>
<use>1</use>
<logicalDatatype>LOGDT024</logicalDatatype>
<dataTypeSize>15 BYTE</dataTypeSize>
<ownDataTypeParameters>15 BYTE,,</ownDataTypeParameters>
<autoIncrementCycle>false</autoIncrementCycle>
</Column>
<Column name="Apellido" id="10994F16-1CE3-87B4-9938-4669FFAA3DD1">
<createdBy>David</createdBy>
<createdTime>2025-12-11 21:13:47 UTC</createdTime>
<generatorID>DD3093DF-ED5E-E445-E78C-AFB27070DE62</generatorID>
<ownerDesignName>ET_MER</ownerDesignName>
<useDomainConstraints>false</useDomainConstraints>
<use>1</use>
<logicalDatatype>LOGDT024</logicalDatatype>
<dataTypeSize>15 BYTE</dataTypeSize>
<ownDataTypeParameters>15 BYTE,,</ownDataTypeParameters>
<autoIncrementCycle>false</autoIncrementCycle>
</Column>
<Column name="Correo" id="B5540E4E-9136-BA09-430C-8CD908BF6ED3">
<createdBy>David</createdBy>
<createdTime>2025-12-11 21:13:47 UTC</createdTime>
<generatorID>1F12F0C9-89FA-B5C0-04E4-E9FAEF7D2E68</generatorID>
<ownerDesignName>ET_MER</ownerDesignName>
<useDomainConstraints>false</useDomainConstraints>
<use>1</use>
<logicalDatatype>LOGDT024</logicalDatatype>
<dataTypeSize>30 BYTE</dataTypeSize>
<ownDataTypeParameters>30 BYTE,,</ownDataTypeParameters>
<autoIncrementCycle>false</autoIncrementCycle>
</Column>
<Column name="Telefono" id="E7CC8C6E-15F2-D5CA-6F37-4DE3D39B4945">
<createdBy>David</createdBy>
<createdTime>2025-12-11 21:13:47 UTC</createdTime>
<generatorID>E537CA51-5936-68A4-4EA8-0AE53BD29E16</generatorID>
<ownerDesignName>ET_MER</ownerDesignName>
<nullsAllowed>true</nullsAllowed>
<useDomainConstraints>false</useDomainConstraints>
<use>1</use>
<logicalDatatype>LOGDT024</logicalDatatype>
<dataTypeSize>15 BYTE</dataTypeSize>
<ownDataTypeParameters>15 BYTE,,</ownDataTypeParameters>
<autoIncrementCycle>false</autoIncrementCycle>
</Column>
<Column name="TIPO_CONTRATO_ID" id="16949700-EB45-AD96-5C92-539DCC40FA80">
<createdBy>David</createdBy>
<createdTime>2025-12-11 21:13:47 UTC</createdTime>
<generatorID>0667F5EC-41F0-F354-E349-4779433B6145</generatorID>
<ownerDesignName>ET_MER</ownerDesignName>
<useDomainConstraints>false</useDomainConstraints>
<use>1</use>
<logicalDatatype>LOGDT024</logicalDatatype>
<dataTypeSize>10 BYTE</dataTypeSize>
<ownDataTypeParameters>,,</ownDataTypeParameters>
<previousColumn>false</previousColumn>
<autoIncrementCycle>false</autoIncrementCycle>
<associations>
<colAssociation fkAssociation="B81FC9F3-AC87-AC66-F7DD-88D94EAE2C27" referredColumn="1B6C3FD1-F904-3379-93BE-E8B90BDF012D"/>
</associations>
</Column>
</columns>
<indexes itemClass="oracle.dbtools.crest.model.design.relational.Index">
<ind_PK_UK id="3BC9842B-C31F-84FA-F6DB-886C1FD49736" name="PROFESOR_PK">
<createdBy>David</createdBy>
<createdTime>2025-12-11 21:13:47 UTC</createdTime>
<generatorID>BE5DC920-503B-7D7E-BDDB-84A2ACA90A39</generatorID>
<ownerDesignName>ET_MER</ownerDesignName>
<pk>true</pk>
<indexState>Primary Constraint</indexState>
<isSurrogateKey>false</isSurrogateKey>
<indexColumnUsage>
<colUsage columnID="9960FC2F-0043-9388-5C5B-2F1AABD49324"/>
</indexColumnUsage>
</ind_PK_UK>
<ind_PK_UK id="EE7A893B-FFF4-1B55-A78A-CC00492812B3" name="PROFESOR__IDX">
<createdBy>David</createdBy>
<createdTime>2025-12-11 21:13:47 UTC</createdTime>
<ownerDesignName>ET_MER</ownerDesignName>
<indexState>Unique Plain Index</indexState>
<isSurrogateKey>false</isSurrogateKey>
<relationGeneratorID>10217B36-1180-9C22-7059-0627485033BC</relationGeneratorID>
<indexColumnUsage>
<colUsage columnID="16949700-EB45-AD96-5C92-539DCC40FA80"/>
</indexColumnUsage>
</ind_PK_UK>
<ind_PK_UK id="AEE128AA-3B76-CE34-B949-B5A682286183" name="PROFESOR_TIPO_CONTRATO_FK">
<createdBy>David</createdBy>
<createdTime>2025-12-11 21:13:47 UTC</createdTime>
<generatorID>10217B36-1180-9C22-7059-0627485033BC</generatorID>
<ownerDesignName>ET_MER</ownerDesignName>
<indexState>Foreign Key</indexState>
<isSurrogateKey>false</isSurrogateKey>
<indexColumnUsage>
<colUsage columnID="16949700-EB45-AD96-5C92-539DCC40FA80"/>
</indexColumnUsage>
</ind_PK_UK>
</indexes>
</Table>